{"stats":{"minecraft:used":{"minecraft:stone_brick_stairs":1,"waystones:waystone":1,"securitycraft:secret_sign_item":1,"minecraft:magenta_bed":2,"minecraft:spruce_slab":2,"minecraft:spruce_stairs":1,"minecraft:white_bed":1,"quark:oak_chest":8,"minecraft:oak_sign":2,"quark:jungle_chest":14},"minecraft:picked_up":{"minecraft:smooth_stone_slab":12,"pokecube:berry_cheri":1,"pokecube:pokecube":1},"minecraft:custom":{"minecraft:time_since_rest":4631,"minecraft:open_chest":39,"minecraft:waystone_activated":1,"minecraft:crouch_one_cm":532,"minecraft:sprint_one_cm":9925,"minecraft:play_time":41477,"minecraft:open_enderchest":1,"minecraft:walk_one_cm":56608,"minecraft:sneak_time":260,"minecraft:walk_under_water_one_cm":18338,"minecraft:drop":1,"minecraft:jump":101,"minecraft:leave_game":14,"minecraft:time_since_death":41477,"minecraft:sleep_in_bed":5,"minecraft:total_world_time":41477,"minecraft:fall_one_cm":267,"minecraft:fly_one_cm":78145},"minecraft:dropped":{"minecraft:smooth_stone_slab":12}},"DataVersion":2975}