{"stats":{"minecraft:killed_by":{"minecraft:zombie":1},"minecraft:crafted":{"minecraft:oak_planks":4,"minecraft:cooked_chicken":2,"minecraft:bone_meal":3,"minecraft:bow":1,"minecraft:cooked_rabbit":9,"minecraft:cooked_porkchop":3,"minecraft:air":0,"minecraft:stick":4,"minecraft:iron_ingot":9,"minecraft:iron_pickaxe":1},"minecraft:mined":{"minecraft:deepslate_diamond_ore":1,"pokecube_legends:deepslate_sapphire_ore":1,"minecraft:granite":2,"minecraft:spawner":2,"minecraft:magma_block":3,"minecraft:redstone_ore":2,"minecraft:iron_ore":31,"minecraft:deepslate_lapis_ore":23,"minecraft:deepslate_iron_ore":60,"minecraft:stone":22,"pokecube_legends:ruby_ore":2,"quark:violet_corundum":5,"minecraft:deepslate_redstone_ore":3,"quark:blue_corundum":1,"minecraft:amethyst_cluster":5,"minecraft:torch":3,"quark:blue_corundum_cluster":1,"pokecube:nest":2,"minecraft:lapis_ore":7,"minecraft:deepslate_gold_ore":25,"minecraft:wall_torch":2,"quark:glow_shroom":10,"minecraft:grass":8,"minecraft:coal_ore":44,"minecraft:dark_oak_sapling":1,"minecraft:dripstone_block":1,"minecraft:dirt":4,"minecraft:cobweb":21,"pokecube_legends:deepslate_ruby_ore":6,"minecraft:gold_ore":2,"minecraft:deepslate":63},"minecraft:broken":{"minecraft:iron_sword":1,"minecraft:iron_pickaxe":1,"minecraft:golden_pickaxe":1},"minecraft:used":{"minecraft:spruce_slab":2,"minecraft:oak_sign":2,"comforts:sleeping_bag_red":1,"quark:jungle_chest":14,"minecraft:shield":55,"minecraft:iron_sword":256,"minecraft:rotten_flesh":9,"minecraft:cooked_chicken":22,"minecraft:torch":161,"minecraft:dirt":68,"minecraft:spruce_stairs":1,"securitycraft:secret_sign_item":1,"minecraft:stone_brick_stairs":1,"minecraft:magma_block":2,"minecraft:bow":12,"minecraft:furnace":1,"tombstone:gift":1,"minecraft:cobbled_deepslate":27,"minecraft:dark_oak_sapling":1,"minecraft:water_bucket":51,"quark:abacus":3,"minecraft:chainmail_helmet":1,"minecraft:magenta_bed":2,"minecraft:white_bed":1,"waystones:waystone":1,"minecraft:bread":5,"minecraft:iron_pickaxe":285,"minecraft:cooked_porkchop":3,"minecraft:cooked_rabbit":15,"minecraft:bucket":51,"quark:oak_chest":8,"minecraft:bone_meal":1,"minecraft:golden_pickaxe":32},"minecraft:killed":{"pokecube:geodude":2,"minecraft:cave_spider":9,"minecraft:spider":5,"hmag:skeleton_girl":2,"quark:forgotten":1,"minecraft:skeleton":13,"hmag:zombie_girl":6,"minecraft:silverfish":1,"minecraft:drowned":1,"artifacts:mimic":2,"hmag:ghost":6,"minecraft:creeper":4,"hmag:kobold":1,"minecraft:zombie":31},"minecraft:picked_up":{"artifacts:night_vision_goggles":1,"minecraft:chicken":1,"minecraft:creeper_head":1,"minecraft:enchanted_book":1,"minecraft:string":35,"minecraft:raw_copper":4,"minecraft:smooth_stone_slab":12,"minecraft:cobbled_deepslate":69,"comforts:sleeping_bag_white":1,"pokecube:pokecube":1,"minecraft:iron_boots":2,"minecraft:dark_oak_sapling":1,"minecraft:raw_iron":92,"quark:violet_corundum":5,"artifacts:charm_of_sinking":1,"minecraft:torch":8,"pokecube_legends:sapphire":1,"artifacts:vampiric_glove":1,"tombstone:grave_dust":4,"minecraft:pointed_dripstone":2,"minecraft:carrot":1,"minecraft:redstone":22,"minecraft:arrow":23,"minecraft:rotten_flesh":35,"quark:violet_corundum_cluster":6,"comforts:sleeping_bag_red":1,"minecraft:saddle":2,"minecraft:rail":2,"minecraft:cobblestone":25,"minecraft:magma_block":3,"minecraft:feather":1,"minecraft:leather":1,"minecraft:potato":1,"minecraft:gunpowder":6,"minecraft:lapis_lazuli":204,"minecraft:dirt":4,"quark:forgotten_hat":1,"minecraft:name_tag":1,"hmag:evil_crystal_fragment":6,"minecraft:bone":16,"minecraft:bow":1,"minecraft:raw_gold":26,"minecraft:rabbit_hide":1,"minecraft:cooked_chicken":17,"quark:glow_shroom":10,"minecraft:cobweb":6,"tombstone:bag_of_seeds":1,"minecraft:iron_sword":1,"pokecube_legends:ruby":8,"hmag:soul_powder":6,"minecraft:dripstone_block":1,"minecraft:amethyst_shard":20,"quark:abacus":1,"artifacts:scarf_of_invisibility":1,"quark:blue_corundum_cluster":4,"minecraft:spider_eye":6,"pokecube:berry_cheri":1,"tombstone:familiar_stone":1,"minecraft:diamond":1,"minecraft:chainmail_leggings":1,"minecraft:granite":2,"minecraft:bread":5,"minecraft:chainmail_helmet":2,"tombstone:magic_scroll":1,"quark:blue_corundum":1,"minecraft:coal":45},"minecraft:custom":{"minecraft:mob_kills":87,"minecraft:interact_with_crafting_table":1,"minecraft:open_barrel":5,"minecraft:leave_game":16,"minecraft:time_since_death":90633,"minecraft:sprint_one_cm":146809,"minecraft:walk_one_cm":588233,"minecraft:damage_blocked_by_shield":1500,"minecraft:drop":29,"minecraft:damage_dealt_absorbed":99,"minecraft:talked_to_villager":1,"minecraft:play_time":181354,"minecraft:deaths":1,"minecraft:sneak_time":5690,"minecraft:walk_under_water_one_cm":61167,"minecraft:jump":1780,"minecraft:interact_with_blast_furnace":4,"minecraft:walk_on_water_one_cm":32264,"minecraft:total_world_time":181354,"minecraft:interact_with_furnace":8,"minecraft:sleep_in_bed":10,"minecraft:time_since_rest":29576,"minecraft:waystone_activated":1,"minecraft:open_enderchest":1,"minecraft:damage_taken":3235,"minecraft:damage_dealt":17927,"minecraft:swim_one_cm":58108,"minecraft:fly_one_cm":246560,"minecraft:open_chest":207,"minecraft:crouch_one_cm":12359,"tombstone:undead_killed":60,"minecraft:fall_one_cm":42597},"minecraft:dropped":{"minecraft:iron_ingot":2,"minecraft:iron_sword":2,"minecraft:dripstone_block":1,"minecraft:feather":1,"quark:abacus":1,"minecraft:granite":2,"minecraft:chainmail_helmet":1,"minecraft:rail":2,"artifacts:night_vision_goggles":1,"minecraft:torch":1,"minecraft:bone_meal":2,"minecraft:chainmail_leggings":1,"hmag:evil_crystal_fragment":1,"minecraft:smooth_stone_slab":12,"minecraft:pointed_dripstone":2,"tombstone:gift":1,"minecraft:rotten_flesh":14,"minecraft:iron_boots":2,"minecraft:rabbit_hide":1,"pokecube:pokemobegg":1,"quark:forgotten_hat":1,"minecraft:spider_eye":1,"comforts:sleeping_bag_white":1}},"DataVersion":2975}