{"stats":{"minecraft:killed_by":{"minecraft:pillager":1,"minecraft:vindicator":3,"minecraft:zombie":2,"pyrologernfriends:electrocutor":1,"pokecube:jynx":1,"minecraft:player":1},"minecraft:crafted":{"pokecube:tm":5,"securitycraft:mine":3,"minecraft:oak_planks":4,"minecraft:cooked_chicken":16,"pokecube:metalcoat":1,"sophisticatedbackpacks:magnet_upgrade":1,"waystones:waystone":1,"minecraft:stone":392,"pyrologernfriends:lightning_gem":1,"minecraft:cooked_mutton":2,"minecraft:glass":32,"minecraft:stone_brick_slab":6,"pokecube_adventures:statue":2,"minecraft:bow":1,"sophisticatedbackpacks:tank_upgrade":1,"minecraft:chest":1,"minecraft:stone_bricks":332,"minecraft:cooked_rabbit":14,"minecraft:pumpkin":1,"minecraft:cooked_porkchop":39,"minecraft:spruce_planks":4,"minecraft:jungle_pressure_plate":4,"minecraft:spruce_door":3,"minecraft:sticky_piston":2,"waystones:warp_stone":1,"sophisticatedbackpacks:upgrade_base":1,"sophisticatedbackpacks:refill_upgrade":1,"minecraft:stone_brick_stairs":24,"minecraft:purple_dye":6,"minecraft:diamond_pickaxe":1,"minecraft:yellow_dye":3,"minecraft:shield":2,"minecraft:stick":32,"quark:oak_chest":2,"minecraft:iron_ingot":18,"sophisticatedbackpacks:auto_smelting_upgrade":1,"minecraft:iron_pickaxe":1,"minecraft:snow_block":110,"minecraft:packed_ice":2,"pyrologernfriends:snow_bricks":32,"securitycraft:furnace_mine":3,"minecraft:coal":81,"sophisticatedbackpacks:advanced_refill_upgrade":1,"quark:jungle_chest":3,"minecraft:piston":2,"minecraft:bone_meal":18,"minecraft:leather":20,"pokecube:gardevoirmega":1,"minecraft:cooked_beef":6,"minecraft:red_dye":3,"minecraft:crossbow":2,"minecraft:iron_sword":1,"sophisticatedbackpacks:gold_backpack":5,"pokecube:revive":18,"minecraft:bucket":2,"minecraft:air":0,"minecraft:blue_dye":4,"sophisticatedbackpacks:pickup_upgrade":2,"minecraft:jungle_door":3,"minecraft:white_wool":5,"minecraft:gold_nugget":9,"minecraft:iron_shovel":1,"minecraft:torch":24,"pokecube:greatcube":2,"minecraft:lapis_lazuli":9},"minecraft:mined":{"minecraft:light_blue_concrete":1,"minecraft:obsidian":3,"pokecube_legends:deepslate_sapphire_ore":11,"minecraft:granite":10,"minecraft:grass_block":65,"minecraft:white_concrete":4,"minecraft:spawner":2,"minecraft:magma_block":3,"minecraft:iron_ore":49,"minecraft:fire":42,"minecraft:deepslate_lapis_ore":27,"minecraft:dirt_path":5,"quark:violet_corundum":5,"minecraft:deepslate_redstone_ore":16,"minecraft:jungle_door":2,"pokecube_legends:meteorite_cosmic_ore":15,"minecraft:amethyst_cluster":7,"minecraft:powder_snow":3,"minecraft:torch":10,"minecraft:poppy":4,"minecraft:calcite":5,"quark:blue_corundum_cluster":1,"minecraft:cobblestone":30,"minecraft:oak_planks":3,"minecraft:wall_torch":9,"minecraft:amethyst_block":3,"minecraft:lilac":9,"minecraft:wheat":1,"minecraft:magenta_bed":4,"pokecube:crop_persim":1,"minecraft:stone_brick_stairs":1,"quark:glow_shroom":10,"pokecube:crop_jaboca":1,"minecraft:grass":112,"minecraft:dark_oak_sapling":1,"pokecube:fruit_leppa":1,"minecraft:dirt":32,"minecraft:smooth_basalt":2,"minecraft:oak_leaves":1,"minecraft:deepslate":94,"minecraft:redstone_lamp":1,"minecraft:tuff":5,"minecraft:deepslate_diamond_ore":8,"minecraft:spruce_leaves":44,"minecraft:hay_block":11,"minecraft:redstone_ore":3,"minecraft:spruce_sapling":2,"minecraft:furnace":5,"minecraft:light_blue_concrete_powder":1,"minecraft:snow":378,"minecraft:andesite":10,"minecraft:stripped_spruce_log":123,"minecraft:gold_block":1,"minecraft:bell":1,"minecraft:deepslate_iron_ore":75,"pokecube_legends:meteorite_block":46,"minecraft:stone":73,"pokecube_legends:ruby_ore":2,"quark:blue_corundum":1,"minecraft:snow_block":42,"minecraft:dandelion":3,"minecraft:spruce_door":1,"minecraft:oak_fence":12,"minecraft:tall_grass":67,"pokecube:nest":11,"minecraft:deepslate_gold_ore":58,"pokecube:crop_lum":2,"minecraft:lapis_ore":7,"minecraft:cobblestone_wall":4,"minecraft:spruce_log":7,"minecraft:white_wall_banner":1,"minecraft:coal_ore":126,"minecraft:gravel":1,"minecraft:dripstone_block":3,"minecraft:cobweb":28,"pokecube_legends:deepslate_ruby_ore":7,"minecraft:stone_bricks":55,"minecraft:gold_ore":2},"minecraft:broken":{"minecraft:iron_shovel":2,"minecraft:golden_boots":1,"minecraft:iron_chestplate":1,"minecraft:iron_sword":2,"minecraft:iron_pickaxe":2,"minecraft:iron_helmet":1,"minecraft:golden_pickaxe":1},"minecraft:used":{"minecraft:iron_shovel":500,"minecraft:spruce_slab":246,"minecraft:oak_sign":2,"minecraft:poppy":1,"minecraft:shield":99,"minecraft:rotten_flesh":9,"minecraft:chest":3,"minecraft:bell":2,"minecraft:iron_sword":1125,"minecraft:stone":10,"minecraft:jungle_planks":144,"minecraft:deepslate_tile_slab":18,"pokecube_adventures:statue":11,"minecraft:snowball":1,"minecraft:stripped_spruce_log":744,"minecraft:milk_bucket":1,"minecraft:lava_bucket":3,"quark:yellow_corundum_cluster":1,"minecraft:villager_spawn_egg":1,"minecraft:grass_block":2,"securitycraft:secret_sign_item":1,"pyrologernfriends:broomstick":1,"minecraft:dark_oak_slab":22,"minecraft:stone_brick_stairs":53,"minecraft:stone_bricks":944,"minecraft:redstone_lamp":2,"minecraft:magma_block":2,"minecraft:snow":20,"minecraft:bow":113,"minecraft:written_book":1,"minecraft:cooked_cod":6,"minecraft:furnace":7,"minecraft:dark_oak_sapling":17,"minecraft:dark_oak_stairs":23,"minecraft:spruce_door":1,"minecraft:oak_planks":108,"pokecube:pokemobegg":2,"minecraft:ender_pearl":4,"minecraft:jungle_pressure_plate":4,"minecraft:chainmail_helmet":1,"minecraft:diamond_axe":349,"minecraft:white_wool":16,"minecraft:oak_leaves":6,"minecraft:dark_oak_trapdoor":13,"minecraft:stone_brick_wall":2,"waystones:waystone":11,"securitycraft:reinforced_dark_oak_slab":27,"minecraft:lever":2,"minecraft:bread":65,"minecraft:magenta_stained_glass_pane":33,"minecraft:cooked_rabbit":94,"minecraft:smooth_stone_slab":89,"minecraft:golden_pickaxe":32,"minecraft:bone_meal":22,"minecraft:oak_fence":6,"pokecube:pokewatch":4,"comforts:sleeping_bag_red":19,"quark:jungle_chest":16,"minecraft:spruce_planks":233,"quark:crab_leg":1,"minecraft:cooked_chicken":61,"minecraft:torch":345,"minecraft:dirt":449,"minecraft:spruce_stairs":86,"minecraft:cobblestone_wall":2,"minecraft:spruce_fence":6,"minecraft:stone_brick_slab":3,"pokecube:berryjuice":1,"minecraft:chipped_anvil":1,"minecraft:iron_axe":7,"minecraft:golden_carrot":5,"waystones:warp_plate":2,"tombstone:gift":12,"minecraft:cooked_beef":26,"minecraft:powder_snow_bucket":2,"minecraft:cobbled_deepslate":76,"pokecube_legends:temporal_leaves":1,"sophisticatedbackpacks:gold_backpack":5,"minecraft:cooked_mutton":18,"minecraft:water_bucket":287,"minecraft:snow_block":667,"minecraft:baked_potato":9,"quark:abacus":21,"minecraft:cobblestone_slab":2,"minecraft:spruce_fence_gate":6,"pyrologernfriends:snow_bricks":350,"securitycraft:furnace_mine":1,"minecraft:magenta_bed":12,"minecraft:dark_oak_fence_gate":6,"minecraft:crafting_table":2,"minecraft:white_bed":1,"minecraft:spruce_log":8,"minecraft:dark_oak_door":2,"minecraft:oak_log":1,"minecraft:diamond_pickaxe":9,"minecraft:iron_pickaxe":761,"quark:spruce_post":6,"minecraft:spruce_trapdoor":43,"minecraft:spruce_sapling":30,"minecraft:yellow_wool":1,"minecraft:porkchop":2,"minecraft:cobblestone":568,"minecraft:white_banner":2,"minecraft:bucket":325,"minecraft:jungle_door":2,"minecraft:cooked_porkchop":7,"quark:oak_chest":10,"minecraft:pumpkin_pie":8},"minecraft:killed":{"pokecube:geodude":285,"hmag:necrotic_reaper":2,"pokecube:hitmontop":1,"minecraft:cave_spider":9,"pokecube:marill":1,"pokecube:blitzle":1,"pokecube:machamp":4,"minecraft:witch":1,"pokecube:torkoal":39,"pokecube:nidoran-f":2,"pyrologernfriends:pumpkineer":1,"pokecube:grubbin":1,"minecraft:spider":19,"pokecube:eiscue-ice":1,"pokecube:mr-mime-galar":11,"pyrologernfriends:wanderingtraitor":1,"pokecube:swinub":4,"pokecube:arceus":6,"pokecube:pawmi":30,"quark:forgotten":1,"minecraft:skeleton":35,"pokecube:bouffalant":1,"pokecube:venipede":2,"quark:shiba":2,"pokecube:shinx":7,"pokecube:zigzagoon":6,"pokecube:flaaffy":1,"pyrologernfriends:outcast":2,"pokecube:furfrou":1,"quark:crab":1,"pokecube:indeedee-male":2,"pokecube:pinsir":8,"minecraft:silverfish":1,"pokecube:pidgey":38,"pokecube:gossifleur":19,"hmag:catoblepas":1,"pokecube:bellsprout":2,"pokecube:vanillite":4,"artifacts:mimic":2,"pokecube:chimecho":1,"pokecube:sentret":4,"pokecube:seedot":2,"hmag:harpy":1,"pokecube:growlithe":5,"pokecube:sneasel":3,"pokecube:tynamo":3,"pyrologernfriends:harvester":1,"pokecube:buneary":1,"pokecube:zorua":1,"pokecube:bronzor":1,"pokecube:bergmite":7,"pokecube:tauros":4,"pokecube:deerling":1,"minecraft:creeper":10,"pokecube:rockruff":7,"pokecube:miltank":8,"pokecube:raikou":1,"minecraft:trader_llama":7,"minecraft:pillager":28,"hmag:dyssomnia":1,"pokecube:jynx":9,"pokecube:oddish":3,"minecraft:zombie":65,"pokecube:vullaby":38,"pokecube:sawk":4,"pokecube:natu":1,"pokecube:skitty":1,"pokecube:nickit":1,"pokecube:growlithe-hisui":9,"pokecube:scyther":1,"pokecube:koffing":2,"pokecube:chingling":27,"pokecube:wingull":2,"pokecube:magmar":3,"pokecube:ducklett":1,"pokecube:zubat":4,"pokecube:shuckle":3,"pokecube:spearow":15,"pokecube:onix":4,"minecraft:evoker":1,"pokecube:bidoof":11,"pokecube:roggenrola":213,"pokecube:meowth":1,"pokecube:snover":33,"pokecube:rolycoly":2,"pokecube:wooloo":33,"pokecube:absol":1,"pokecube:slowpoke":5,"hmag:creeper_girl":1,"minecraft:vindicator":5,"pokecube:sunkern":8,"pokecube:plusle":9,"hmag:skeleton_girl":5,"pokecube:remoraid":1,"pokecube:maschiff":1,"pokecube:foongus":6,"pokecube:chatot":1,"pokecube:seviper":8,"pokecube:stunfisk-galar":1,"pokecube:vulpix":26,"pokecube:exeggcute":3,"pokecube:gallade":2,"hmag:zombie_girl":11,"pokecube:hawlucha":1,"pokecube:psyduck":3,"pyrologernfriends:stormcaller":1,"pokecube:skorupi":1,"minecraft:drowned":2,"pokecube:minun":21,"pokecube:tandemaus":5,"pokecube:meowth-galar":2,"pokecube:rattata":1,"pokecube:taillow":8,"pokecube:corviknight":1,"pokecube:cutiefly":10,"pokecube:toedscool":1,"pokecube:quaxly":2,"pokecube:mareep":9,"pokecube:girafarig":6,"pokecube:patrat":18,"pokecube:purrloin":2,"hmag:ghost":14,"pokecube:spinda":15,"pokecube:pikachu":1,"pokecube:yamask-galar":7,"pokecube:rookidee":3,"pokecube:electrike":13,"pokecube:tarountula":1,"pokecube:pumpkaboo-average":2,"pokecube:hatterene":4,"pokecube:snom":10,"pokecube:scatterbug":5,"pokecube:stonjourner":6,"pokecube:gastly":5,"pokecube:spheal":1,"pokecube:vulpix-alola":17,"pokecube:darumaka-galar":13,"minecraft:wandering_trader":3,"pokecube:yungoos":20,"pokecube:poliwhirl":2,"minecraft:ravager":2,"pokecube:npc":11,"pokecube:snorunt":18,"pokecube:roselia":1,"pokecube:larvitar":8,"pokecube:tinkatink":4,"hmag:kobold":1,"pokecube:poochyena":2,"pokecube:venomoth":1,"pokecube:wattrel":4,"pokecube:squawkabilly":1,"pokecube:farfetchd-galar":3,"pokecube:paras":2,"pokecube:pidove":8,"pokecube:hoppip":4,"pokecube:starly":30,"pokecube:litleo":1,"pokecube:fletchling":21,"pokecube:numel":9,"pokecube:diglett":3,"pokecube:oricorio-baile":5,"pokecube:cetoddle":1,"pokecube:scraggy":2,"pokecube:grookey":1,"pokecube_adventures:trainer":3,"minecraft:villager":1,"minecraft:enderman":2,"pokecube:geodude-alola":1},"minecraft:picked_up":{"minecraft:iron_chestplate":1,"pokecube:berry_lum":13,"minecraft:light_blue_concrete":1,"minecraft:chainmail_boots":1,"minecraft:creeper_head":1,"minecraft:yellow_wool":5,"pokecube:berry_qualot":209,"minecraft:lead":3,"minecraft:enchanted_book":2,"minecraft:stone_brick_stairs":1,"minecraft:amethyst_block":3,"minecraft:string":46,"minecraft:cooked_salmon":1,"minecraft:raw_copper":4,"minecraft:smooth_stone_slab":12,"minecraft:pufferfish":1,"comforts:sleeping_bag_white":1,"minecraft:gold_nugget":41,"minecraft:cobbled_deepslate":198,"minecraft:calcite":5,"minecraft:iron_boots":3,"minecraft:furnace":1,"minecraft:stick":1,"minecraft:torch":31,"minecraft:porkchop":15,"tombstone:grave_dust":7,"minecraft:pointed_dripstone":2,"pokecube:berry_grepa":94,"minecraft:rabbit_foot":10,"pokecube:berry_oran":3,"minecraft:rotten_flesh":81,"minecraft:tropical_fish":2,"pokecube_legends:meteorite_block":46,"quark:violet_corundum_cluster":6,"minecraft:blaze_rod":20,"minecraft:obsidian":3,"minecraft:snowball":318,"minecraft:cobblestone":422,"minecraft:magma_block":3,"minecraft:lilac":8,"pokecube:berryjuice":1,"minecraft:feather":57,"minecraft:cooked_beef":2,"minecraft:jungle_log":32,"minecraft:andesite":10,"minecraft:potato":11,"minecraft:flint":1,"minecraft:tuff":5,"minecraft:magenta_bed":6,"minecraft:lapis_lazuli":234,"minecraft:dirt":15,"minecraft:name_tag":1,"hmag:evil_crystal_fragment":6,"pokecube:berry_jaboca":194,"minecraft:bone":47,"minecraft:bow":1,"minecraft:wheat_seeds":44,"minecraft:raw_gold":59,"pokecube:berry_leppa":66,"minecraft:rabbit":87,"minecraft:glowstone_dust":6,"minecraft:oak_planks":53,"pokecube_legends:temporal_leaves":1,"pokecube_legends:ruby":9,"hmag:necrofiber":2,"hmag:soul_powder":8,"minecraft:jungle_planks":33,"minecraft:stripped_spruce_log":114,"pokecube_adventures:statue":2,"pokecube:berry_pinap":4,"pokecube:berry_rawst":92,"minecraft:grass_block":1,"minecraft:bundle":2,"pokecube:berry_persim":4,"pokecube:berry_cheri":69,"tombstone:familiar_stone":2,"minecraft:diamond":8,"pokecube:berry_chesto":6,"hmag:dyssomnia_skin":1,"minecraft:crossbow":4,"minecraft:granite":11,"minecraft:white_concrete":4,"minecraft:bread":8,"minecraft:chainmail_helmet":3,"minecraft:emerald":8,"pyrologernfriends:electric_novel":1,"minecraft:nether_star":1,"pokecube:berry_rowap":3,"minecraft:crafting_table":1,"securitycraft:reinforced_dark_oak_slab":2,"minecraft:chicken":108,"artifacts:night_vision_goggles":1,"minecraft:packed_ice":5,"minecraft:brown_mushroom":6,"minecraft:cooked_rabbit":8,"minecraft:gold_block":1,"minecraft:shield":1,"minecraft:iron_axe":1,"quark:spruce_chest":2,"minecraft:beef":28,"pokecube:pokecube":6,"minecraft:iron_nugget":1,"minecraft:poppy":4,"minecraft:phantom_membrane":1,"minecraft:dark_oak_sapling":2,"minecraft:raw_iron":125,"minecraft:stone":10,"quark:violet_corundum":5,"artifacts:charm_of_sinking":1,"pokecube_legends:sapphire":11,"artifacts:vampiric_glove":1,"pokecube:berry_hondew":11,"minecraft:carrot":1,"minecraft:redstone":112,"minecraft:arrow":35,"comforts:sleeping_bag_red":17,"minecraft:hay_block":13,"pyrologernfriends:pumpkin_pulp":4,"minecraft:saddle":4,"minecraft:totem_of_undying":1,"minecraft:mutton":14,"minecraft:white_wool":24,"minecraft:rail":2,"quark:crab_leg":1,"pokecube_legends:cosmic_dust":27,"minecraft:salmon":1,"minecraft:leather":25,"minecraft:red_mushroom":4,"minecraft:ice":37,"pokecube:mega_belt":2,"minecraft:chainmail_chestplate":3,"minecraft:golden_boots":1,"minecraft:gunpowder":8,"minecraft:white_banner":6,"quark:forgotten_hat":1,"minecraft:cooked_mutton":2,"pokecube:berry_aspear":2,"minecraft:stone_bricks":64,"minecraft:rabbit_hide":60,"minecraft:iron_ingot":2,"quark:glow_shroom":10,"minecraft:cooked_chicken":18,"minecraft:cobweb":6,"tombstone:bag_of_seeds":1,"pyrologernfriends:broomstick":1,"minecraft:iron_sword":6,"minecraft:book":3,"minecraft:smooth_basalt":2,"minecraft:dandelion":3,"minecraft:dripstone_block":12,"minecraft:gravel":10,"minecraft:amethyst_shard":28,"minecraft:spruce_sapling":10,"minecraft:spruce_log":7,"minecraft:spider_eye":12,"artifacts:scarf_of_invisibility":1,"quark:blue_corundum_cluster":4,"quark:abacus":1,"minecraft:spruce_door":1,"minecraft:light_blue_concrete_powder":1,"minecraft:pumpkin_seeds":3,"minecraft:slime_ball":8,"minecraft:chainmail_leggings":2,"minecraft:scute":13,"pokecube:nest":11,"tombstone:magic_scroll":1,"pyrologernfriends:orb_of_the_storm":1,"quark:blue_corundum":1,"minecraft:coal":127,"minecraft:ender_pearl":46},"minecraft:custom":{"minecraft:interact_with_crafting_table":27,"minecraft:open_barrel":20,"minecraft:leave_game":65,"minecraft:time_since_death":87458,"minecraft:sprint_one_cm":1478885,"minecraft:damage_blocked_by_shield":2293,"minecraft:drop":285,"minecraft:talked_to_villager":50,"minecraft:play_time":1538562,"minecraft:deaths":12,"minecraft:jump":15941,"minecraft:walk_on_water_one_cm":91855,"minecraft:interact_with_furnace":86,"minecraft:traded_with_villager":20,"minecraft:sleep_in_bed":78,"minecraft:waystone_activated":14,"minecraft:open_enderchest":5,"minecraft:damage_dealt":88032,"minecraft:player_kills":3,"minecraft:crouch_one_cm":90755,"tombstone:undead_killed":136,"tombstone:villager_killed":18,"minecraft:interact_with_smoker":1,"minecraft:interact_with_anvil":3,"minecraft:mob_kills":1650,"minecraft:damage_dealt_resisted":2704,"minecraft:climb_one_cm":5531,"minecraft:walk_one_cm":4237099,"minecraft:damage_dealt_absorbed":358,"minecraft:raid_win":1,"minecraft:sneak_time":33554,"minecraft:walk_under_water_one_cm":128424,"minecraft:interact_with_blast_furnace":4,"minecraft:total_world_time":1538562,"tombstone:raider_killed":52,"minecraft:raid_trigger":3,"minecraft:time_since_rest":22236,"minecraft:damage_taken":2147483647,"minecraft:swim_one_cm":106841,"minecraft:fly_one_cm":3273009,"minecraft:open_chest":787,"minecraft:fall_one_cm":370996},"minecraft:dropped":{"minecraft:iron_sword":4,"minecraft:cooked_beef":2,"minecraft:baked_potato":5,"minecraft:cooked_porkchop":2,"pokecube:revive":4,"minecraft:crossbow":1,"pokecube:mega_belt":1,"minecraft:leather":1,"minecraft:saddle":1,"minecraft:rail":2,"minecraft:emerald":1,"artifacts:night_vision_goggles":1,"minecraft:dirt":926,"tombstone:bag_of_seeds":1,"pokecube:berry_rowap":3,"minecraft:snowball":342,"securitycraft:furnace_mine":2,"minecraft:pumpkin_pie":10,"minecraft:bone_meal":2,"minecraft:iron_pickaxe":1,"minecraft:white_wool":10,"minecraft:iron_nugget":1,"minecraft:cooked_chicken":34,"minecraft:cobbled_deepslate":223,"pokecube_adventures:statue":1,"minecraft:pointed_dripstone":2,"tombstone:gift":1,"pokecube:berry_pinap":3,"minecraft:rotten_flesh":21,"minecraft:glowstone_dust":1,"pokecube:berry_leppa":28,"minecraft:salmon":1,"minecraft:rabbit_foot":1,"minecraft:chainmail_chestplate":2,"minecraft:rabbit_hide":3,"pokecube:nest":11,"pokecube:berry_aspear":1,"pokecube:pokemobegg":5,"pokecube:berry_cheri":4,"pokecube:berry_lum":11,"quark:forgotten_hat":1,"pokecube:ultracube":3,"comforts:sleeping_bag_white":2,"pokecube:pokecube":6,"securitycraft:reinforced_dark_oak_slab":2,"minecraft:stone_brick_stairs":5,"pyrologernfriends:broomstick":1,"minecraft:iron_ingot":62,"minecraft:bread":2,"minecraft:stripped_spruce_log":160,"minecraft:wheat_seeds":20,"minecraft:dripstone_block":1,"pokecube:berry_rawst":20,"minecraft:feather":7,"minecraft:cobblestone":1651,"quark:abacus":1,"pokecube:berry_grepa":29,"minecraft:granite":2,"quark:spruce_chest":1,"minecraft:spruce_door":3,"minecraft:tropical_fish":1,"minecraft:chainmail_helmet":1,"minecraft:stick":2,"minecraft:lava_bucket":1,"minecraft:torch":2,"minecraft:rabbit":11,"minecraft:jungle_door":1,"tombstone:grave_dust":1,"pokecube:metalcoat":1,"minecraft:iron_axe":1,"minecraft:smooth_stone":11,"artifacts:feral_claws":1,"minecraft:chainmail_leggings":1,"hmag:evil_crystal_fragment":1,"minecraft:redstone":1,"minecraft:smooth_stone_slab":12,"pokecube:berry_qualot":97,"minecraft:chicken":4,"minecraft:iron_boots":3,"minecraft:pumpkin_seeds":1,"pokecube:berry_persim":3,"pokecube:berry_chesto":6,"minecraft:stone":55,"minecraft:shield":2,"minecraft:bundle":2,"minecraft:iron_chestplate":1,"minecraft:oak_sapling":2,"minecraft:spider_eye":1,"minecraft:stone_bricks":211,"minecraft:magma_block":1,"minecraft:cooked_rabbit":15,"pokecube:berry_oran":2,"pokecube:berry_jaboca":75}},"DataVersion":2975}