{"stats":{"minecraft:killed_by":{"minecraft:zombie":1},"minecraft:crafted":{"minecraft:oak_planks":4,"minecraft:cooked_porkchop":3,"minecraft:cooked_chicken":2,"minecraft:bone_meal":3,"minecraft:air":0,"minecraft:bow":1,"minecraft:stick":4,"minecraft:iron_ingot":9,"minecraft:iron_pickaxe":1,"minecraft:cooked_rabbit":9},"minecraft:mined":{"minecraft:deepslate_redstone_ore":3,"minecraft:deepslate_diamond_ore":1,"minecraft:amethyst_cluster":5,"pokecube_legends:deepslate_sapphire_ore":1,"minecraft:torch":1,"minecraft:granite":2,"minecraft:lapis_ore":7,"minecraft:deepslate_gold_ore":20,"minecraft:wall_torch":2,"minecraft:spawner":2,"minecraft:redstone_ore":2,"minecraft:iron_ore":25,"minecraft:deepslate_lapis_ore":23,"quark:glow_shroom":10,"minecraft:grass":8,"minecraft:coal_ore":26,"minecraft:deepslate_iron_ore":43,"minecraft:dark_oak_sapling":1,"minecraft:dripstone_block":1,"minecraft:dirt":4,"minecraft:cobweb":21,"pokecube_legends:deepslate_ruby_ore":5,"minecraft:stone":12,"minecraft:gold_ore":2,"minecraft:deepslate":61},"minecraft:broken":{"minecraft:iron_pickaxe":1,"minecraft:golden_pickaxe":1},"minecraft:used":{"minecraft:water_bucket":50,"minecraft:spruce_slab":2,"quark:abacus":3,"minecraft:oak_sign":2,"comforts:sleeping_bag_red":1,"quark:jungle_chest":14,"minecraft:shield":30,"minecraft:iron_sword":187,"minecraft:chainmail_helmet":1,"minecraft:cooked_chicken":16,"minecraft:torch":134,"minecraft:dirt":68,"minecraft:magenta_bed":2,"minecraft:spruce_stairs":1,"minecraft:white_bed":1,"waystones:waystone":1,"securitycraft:secret_sign_item":1,"minecraft:bread":5,"minecraft:iron_pickaxe":212,"minecraft:stone_brick_stairs":1,"minecraft:bow":12,"minecraft:furnace":1,"minecraft:cooked_porkchop":3,"minecraft:cooked_rabbit":15,"minecraft:bucket":50,"tombstone:gift":1,"quark:oak_chest":8,"minecraft:cobbled_deepslate":17,"minecraft:golden_pickaxe":32,"minecraft:bone_meal":1,"minecraft:dark_oak_sapling":1},"minecraft:killed":{"pokecube:geodude":2,"minecraft:cave_spider":9,"hmag:ghost":4,"minecraft:spider":4,"hmag:skeleton_girl":2,"minecraft:creeper":3,"hmag:kobold":1,"minecraft:skeleton":7,"hmag:zombie_girl":5,"minecraft:zombie":27,"minecraft:silverfish":1,"artifacts:mimic":1},"minecraft:picked_up":{"minecraft:feather":1,"artifacts:night_vision_goggles":1,"minecraft:chicken":1,"minecraft:creeper_head":1,"minecraft:leather":1,"minecraft:potato":1,"minecraft:enchanted_book":1,"minecraft:gunpowder":4,"minecraft:string":33,"minecraft:dirt":4,"minecraft:lapis_lazuli":204,"minecraft:raw_copper":4,"minecraft:name_tag":1,"minecraft:smooth_stone_slab":12,"hmag:evil_crystal_fragment":5,"minecraft:bone":11,"minecraft:bow":1,"minecraft:rabbit_hide":1,"minecraft:cobbled_deepslate":67,"minecraft:raw_gold":21,"comforts:sleeping_bag_white":1,"quark:glow_shroom":10,"minecraft:cooked_chicken":15,"minecraft:cobweb":6,"pokecube:pokecube":1,"minecraft:dark_oak_sapling":1,"minecraft:raw_iron":69,"pokecube_legends:ruby":5,"artifacts:charm_of_sinking":1,"hmag:soul_powder":6,"minecraft:torch":6,"pokecube_legends:sapphire":1,"minecraft:dripstone_block":1,"minecraft:amethyst_shard":20,"minecraft:pointed_dripstone":2,"tombstone:grave_dust":4,"minecraft:carrot":1,"minecraft:redstone":22,"artifacts:scarf_of_invisibility":1,"quark:abacus":1,"minecraft:spider_eye":5,"minecraft:arrow":12,"pokecube:berry_cheri":1,"minecraft:rotten_flesh":27,"minecraft:diamond":1,"tombstone:familiar_stone":1,"minecraft:chainmail_leggings":1,"comforts:sleeping_bag_red":1,"minecraft:chainmail_helmet":2,"minecraft:granite":2,"minecraft:saddle":2,"minecraft:bread":5,"tombstone:magic_scroll":1,"minecraft:coal":27,"minecraft:rail":2,"minecraft:cobblestone":15},"minecraft:custom":{"minecraft:interact_with_furnace":8,"minecraft:mob_kills":68,"minecraft:interact_with_crafting_table":1,"minecraft:open_barrel":4,"minecraft:leave_game":15,"minecraft:time_since_death":58414,"minecraft:sleep_in_bed":9,"minecraft:time_since_rest":58462,"minecraft:waystone_activated":1,"minecraft:sprint_one_cm":121619,"minecraft:open_enderchest":1,"minecraft:damage_taken":2550,"minecraft:walk_one_cm":492658,"minecraft:damage_blocked_by_shield":715,"minecraft:drop":23,"minecraft:damage_dealt":12829,"minecraft:swim_one_cm":1291,"minecraft:talked_to_villager":1,"minecraft:fly_one_cm":199973,"minecraft:open_chest":207,"minecraft:crouch_one_cm":9373,"minecraft:play_time":149135,"tombstone:undead_killed":45,"minecraft:deaths":1,"minecraft:sneak_time":3464,"minecraft:walk_under_water_one_cm":34062,"minecraft:jump":1397,"minecraft:interact_with_blast_furnace":3,"minecraft:walk_on_water_one_cm":22877,"minecraft:total_world_time":149135,"minecraft:fall_one_cm":33137},"minecraft:dropped":{"minecraft:iron_ingot":2,"minecraft:iron_sword":1,"minecraft:smooth_stone_slab":12,"minecraft:dripstone_block":1,"minecraft:pointed_dripstone":2,"minecraft:feather":1,"minecraft:rotten_flesh":14,"quark:abacus":1,"minecraft:granite":2,"minecraft:chainmail_helmet":1,"minecraft:rail":2,"artifacts:night_vision_goggles":1,"minecraft:rabbit_hide":1,"minecraft:torch":1,"minecraft:spider_eye":1,"comforts:sleeping_bag_white":1,"minecraft:bone_meal":2,"minecraft:chainmail_leggings":1,"hmag:evil_crystal_fragment":1}},"DataVersion":2975}