{"stats":{"minecraft:crafted":{"minecraft:oak_planks":4,"minecraft:cooked_chicken":8,"pokecube:metalcoat":1,"minecraft:bone_meal":3,"minecraft:bow":1,"minecraft:cooked_rabbit":10,"minecraft:cooked_beef":6,"minecraft:cooked_porkchop":3,"minecraft:jungle_pressure_plate":4,"minecraft:bucket":1,"minecraft:air":0,"minecraft:jungle_door":3,"minecraft:stick":4,"minecraft:iron_ingot":9,"minecraft:iron_pickaxe":1},"minecraft:used":{"minecraft:spruce_slab":2,"minecraft:oak_sign":2,"comforts:sleeping_bag_red":3,"quark:jungle_chest":14,"minecraft:chest":2,"minecraft:shield":55,"minecraft:stone":10,"minecraft:iron_sword":471,"minecraft:cooked_chicken":23,"minecraft:rotten_flesh":9,"minecraft:torch":189,"minecraft:dirt":68,"minecraft:jungle_planks":141,"minecraft:spruce_stairs":1,"minecraft:chipped_anvil":1,"securitycraft:secret_sign_item":1,"minecraft:stone_brick_stairs":1,"minecraft:snow":7,"minecraft:magma_block":2,"minecraft:bow":13,"minecraft:furnace":6,"tombstone:gift":1,"minecraft:cobbled_deepslate":76,"minecraft:dark_oak_sapling":1,"minecraft:water_bucket":62,"minecraft:snow_block":438,"minecraft:baked_potato":5,"pokecube:pokemobegg":2,"minecraft:oak_planks":102,"quark:abacus":21,"minecraft:jungle_pressure_plate":4,"minecraft:chainmail_helmet":1,"minecraft:white_wool":11,"minecraft:magenta_bed":6,"minecraft:white_bed":1,"waystones:waystone":3,"minecraft:bread":19,"minecraft:iron_pickaxe":303,"minecraft:cobblestone":21,"minecraft:cooked_porkchop":3,"minecraft:cooked_rabbit":18,"minecraft:jungle_door":2,"minecraft:bucket":63,"quark:oak_chest":8,"minecraft:golden_pickaxe":32,"minecraft:bone_meal":1},"minecraft:mined":{"minecraft:deepslate_diamond_ore":1,"minecraft:light_blue_concrete":1,"pokecube_legends:deepslate_sapphire_ore":1,"minecraft:granite":2,"minecraft:white_concrete":4,"minecraft:spawner":2,"minecraft:redstone_ore":2,"minecraft:magma_block":3,"minecraft:furnace":1,"minecraft:iron_ore":31,"minecraft:light_blue_concrete_powder":1,"minecraft:deepslate_lapis_ore":23,"minecraft:deepslate_iron_ore":60,"pokecube_legends:ruby_ore":2,"minecraft:stone":22,"quark:violet_corundum":5,"minecraft:deepslate_redstone_ore":3,"quark:blue_corundum":1,"minecraft:amethyst_cluster":5,"minecraft:torch":5,"quark:blue_corundum_cluster":1,"pokecube:nest":11,"minecraft:tall_grass":1,"minecraft:cobblestone":1,"minecraft:deepslate_gold_ore":25,"minecraft:lapis_ore":7,"minecraft:wall_torch":2,"minecraft:magenta_bed":2,"quark:glow_shroom":10,"minecraft:grass":16,"minecraft:coal_ore":44,"minecraft:dark_oak_sapling":1,"minecraft:dripstone_block":3,"minecraft:dirt":4,"minecraft:cobweb":23,"pokecube_legends:deepslate_ruby_ore":6,"minecraft:gold_ore":2,"minecraft:deepslate":63},"minecraft:picked_up":{"minecraft:light_blue_concrete":1,"minecraft:chainmail_boots":1,"artifacts:night_vision_goggles":1,"minecraft:chicken":8,"minecraft:creeper_head":1,"pokecube:berry_qualot":51,"minecraft:brown_mushroom":2,"minecraft:lead":1,"minecraft:enchanted_book":1,"minecraft:string":38,"minecraft:raw_copper":4,"minecraft:smooth_stone_slab":12,"minecraft:gold_nugget":4,"minecraft:cobbled_deepslate":112,"comforts:sleeping_bag_white":1,"minecraft:beef":6,"pokecube:pokecube":4,"minecraft:iron_boots":2,"minecraft:furnace":1,"minecraft:dark_oak_sapling":1,"minecraft:raw_iron":92,"minecraft:stone":1,"quark:violet_corundum":5,"artifacts:charm_of_sinking":1,"minecraft:torch":10,"pokecube_legends:sapphire":1,"artifacts:vampiric_glove":1,"minecraft:porkchop":6,"minecraft:pointed_dripstone":2,"tombstone:grave_dust":4,"minecraft:carrot":1,"minecraft:redstone":29,"pokecube:berry_grepa":7,"minecraft:rabbit_foot":2,"pokecube:berry_oran":2,"minecraft:arrow":26,"minecraft:rotten_flesh":47,"quark:violet_corundum_cluster":6,"comforts:sleeping_bag_red":3,"minecraft:saddle":2,"minecraft:blaze_rod":1,"minecraft:snowball":2,"minecraft:rail":2,"minecraft:white_wool":5,"minecraft:cobblestone":127,"minecraft:magma_block":3,"minecraft:feather":5,"minecraft:leather":8,"minecraft:red_mushroom":2,"minecraft:potato":11,"minecraft:ice":3,"minecraft:magenta_bed":2,"minecraft:gunpowder":6,"minecraft:lapis_lazuli":204,"minecraft:dirt":6,"quark:forgotten_hat":1,"minecraft:name_tag":1,"hmag:evil_crystal_fragment":6,"pokecube:berry_jaboca":38,"minecraft:bone":21,"minecraft:bow":1,"minecraft:wheat_seeds":4,"minecraft:raw_gold":26,"minecraft:rabbit_hide":13,"quark:glow_shroom":10,"minecraft:cooked_chicken":17,"minecraft:cobweb":6,"tombstone:bag_of_seeds":1,"pokecube:berry_leppa":2,"minecraft:rabbit":8,"minecraft:iron_sword":3,"pokecube_legends:ruby":8,"hmag:soul_powder":6,"minecraft:dripstone_block":3,"minecraft:amethyst_shard":20,"pokecube:berry_rawst":31,"artifacts:scarf_of_invisibility":1,"quark:blue_corundum_cluster":4,"quark:abacus":1,"minecraft:spider_eye":7,"minecraft:light_blue_concrete_powder":1,"pokecube:berry_cheri":1,"tombstone:familiar_stone":1,"minecraft:diamond":1,"minecraft:chainmail_leggings":1,"minecraft:scute":3,"minecraft:granite":3,"pokecube:nest":11,"minecraft:white_concrete":4,"minecraft:chainmail_helmet":2,"minecraft:bread":5,"tombstone:magic_scroll":1,"quark:blue_corundum":1,"minecraft:coal":45,"minecraft:ender_pearl":11},"minecraft:custom":{"minecraft:mob_kills":253,"minecraft:interact_with_crafting_table":4,"minecraft:open_barrel":5,"minecraft:damage_dealt_resisted":114,"minecraft:leave_game":20,"minecraft:time_since_death":9267,"minecraft:sprint_one_cm":316348,"minecraft:walk_one_cm":1043446,"minecraft:damage_blocked_by_shield":1500,"minecraft:drop":45,"minecraft:damage_dealt_absorbed":99,"minecraft:talked_to_villager":5,"minecraft:play_time":348662,"minecraft:sneak_time":8437,"minecraft:deaths":2,"minecraft:walk_under_water_one_cm":78268,"minecraft:jump":3686,"minecraft:interact_with_blast_furnace":4,"minecraft:walk_on_water_one_cm":40591,"minecraft:total_world_time":348662,"minecraft:interact_with_furnace":22,"tombstone:raider_killed":3,"minecraft:traded_with_villager":1,"minecraft:sleep_in_bed":22,"minecraft:time_since_rest":592,"minecraft:waystone_activated":3,"minecraft:damage_taken":2147483647,"minecraft:open_enderchest":2,"minecraft:damage_dealt":34249,"minecraft:swim_one_cm":78468,"minecraft:fly_one_cm":1011458,"minecraft:open_chest":296,"minecraft:crouch_one_cm":17054,"tombstone:undead_killed":68,"tombstone:villager_killed":1,"minecraft:fall_one_cm":79042},"minecraft:broken":{"minecraft:iron_sword":1,"minecraft:iron_pickaxe":1,"minecraft:golden_pickaxe":1},"minecraft:killed_by":{"minecraft:zombie":1,"pokecube:jynx":1},"minecraft:killed":{"pokecube:ducklett":1,"pokecube:bidoof":1,"minecraft:cave_spider":9,"pokecube:roggenrola":27,"pokecube:snover":2,"pokecube:wooloo":6,"pokecube:torkoal":4,"minecraft:spider":6,"pokecube:mr-mime-galar":2,"pokecube:plusle":4,"hmag:skeleton_girl":2,"pokecube:swinub":4,"pokecube:foongus":1,"pokecube:pawmi":7,"quark:forgotten":1,"pokecube:vulpix":4,"minecraft:skeleton":14,"pokecube:exeggcute":1,"hmag:zombie_girl":7,"quark:shiba":1,"minecraft:silverfish":1,"pokecube:gossifleur":1,"minecraft:drowned":2,"artifacts:mimic":2,"hmag:ghost":6,"pokecube:snom":1,"pokecube:scatterbug":1,"pokecube:vulpix-alola":1,"pokecube:darumaka-galar":2,"minecraft:wandering_trader":1,"pokecube:yungoos":1,"minecraft:creeper":4,"pokecube:larvitar":1,"hmag:kobold":1,"minecraft:trader_llama":2,"minecraft:zombie":36,"pokecube:vullaby":4,"pokecube:nickit":1,"pokecube:starly":1,"pokecube:growlithe-hisui":3,"pokecube:diglett":1,"pokecube:fletchling":1,"pokecube:numel":3,"pokecube:oricorio-baile":3,"pokecube:scyther":1,"pokecube:chingling":8,"pokecube:geodude":52},"minecraft:dropped":{"minecraft:iron_ingot":2,"minecraft:iron_sword":2,"minecraft:wheat_seeds":4,"minecraft:baked_potato":5,"minecraft:dripstone_block":1,"minecraft:feather":1,"quark:abacus":1,"minecraft:granite":2,"minecraft:chainmail_helmet":1,"minecraft:rail":2,"artifacts:night_vision_goggles":1,"minecraft:torch":1,"minecraft:jungle_door":1,"minecraft:bone_meal":2,"minecraft:chainmail_leggings":1,"minecraft:white_wool":1,"hmag:evil_crystal_fragment":1,"minecraft:smooth_stone_slab":12,"pokecube:berry_qualot":6,"tombstone:gift":1,"minecraft:pointed_dripstone":2,"minecraft:rotten_flesh":19,"minecraft:iron_boots":2,"minecraft:rabbit_hide":1,"pokecube:nest":11,"pokecube:pokemobegg":4,"quark:forgotten_hat":1,"minecraft:spider_eye":1,"comforts:sleeping_bag_white":1,"pokecube:pokecube":1,"pokecube:berry_oran":2}},"DataVersion":2975}