{"stats":{"minecraft:used":{"minecraft:stone_brick_stairs":1,"waystones:waystone":1,"securitycraft:secret_sign_item":1,"minecraft:magenta_bed":2,"minecraft:spruce_slab":2,"minecraft:spruce_stairs":1,"minecraft:white_bed":1,"quark:oak_chest":8,"minecraft:oak_sign":2,"quark:jungle_chest":14},"minecraft:picked_up":{"minecraft:smooth_stone_slab":12,"pokecube:berry_cheri":1,"pokecube:pokecube":1},"minecraft:custom":{"minecraft:time_since_rest":92,"minecraft:open_chest":30,"minecraft:waystone_activated":1,"minecraft:crouch_one_cm":15,"minecraft:sprint_one_cm":8172,"minecraft:play_time":33843,"minecraft:open_enderchest":1,"minecraft:walk_one_cm":33110,"minecraft:sneak_time":30,"minecraft:walk_under_water_one_cm":14279,"minecraft:drop":1,"minecraft:jump":75,"minecraft:leave_game":11,"minecraft:time_since_death":33843,"minecraft:sleep_in_bed":4,"minecraft:total_world_time":33843,"minecraft:fly_one_cm":75992},"minecraft:dropped":{"minecraft:smooth_stone_slab":12}},"DataVersion":2975}