{"stats":{"minecraft:mined":{"minecraft:light_blue_concrete":1,"pokecube_legends:deepslate_sapphire_ore":11,"minecraft:granite":10,"minecraft:grass_block":64,"minecraft:white_concrete":4,"minecraft:spawner":2,"minecraft:magma_block":3,"minecraft:iron_ore":49,"minecraft:fire":42,"minecraft:deepslate_lapis_ore":27,"minecraft:dirt_path":5,"quark:violet_corundum":5,"minecraft:deepslate_redstone_ore":16,"minecraft:jungle_door":2,"minecraft:amethyst_cluster":7,"minecraft:powder_snow":3,"minecraft:torch":10,"minecraft:calcite":5,"quark:blue_corundum_cluster":1,"minecraft:cobblestone":20,"minecraft:oak_planks":3,"minecraft:wall_torch":9,"minecraft:amethyst_block":3,"minecraft:lilac":9,"minecraft:magenta_bed":4,"quark:glow_shroom":10,"pokecube:crop_jaboca":1,"minecraft:grass":93,"minecraft:dark_oak_sapling":1,"pokecube:fruit_leppa":1,"minecraft:dirt":30,"minecraft:smooth_basalt":2,"minecraft:oak_leaves":1,"minecraft:deepslate":94,"minecraft:redstone_lamp":1,"minecraft:tuff":5,"minecraft:deepslate_diamond_ore":8,"minecraft:redstone_ore":3,"minecraft:furnace":5,"minecraft:light_blue_concrete_powder":1,"minecraft:snow":128,"minecraft:andesite":10,"minecraft:bell":1,"minecraft:deepslate_iron_ore":75,"minecraft:stone":72,"pokecube_legends:ruby_ore":2,"quark:blue_corundum":1,"minecraft:snow_block":42,"minecraft:oak_fence":12,"minecraft:tall_grass":65,"pokecube:nest":11,"minecraft:deepslate_gold_ore":58,"minecraft:lapis_ore":7,"minecraft:cobblestone_wall":4,"minecraft:coal_ore":126,"minecraft:dripstone_block":3,"minecraft:cobweb":28,"pokecube_legends:deepslate_ruby_ore":7,"minecraft:stone_bricks":55,"minecraft:gold_ore":2},"minecraft:used":{"minecraft:iron_shovel":250,"minecraft:spruce_slab":244,"minecraft:oak_sign":2,"minecraft:chest":3,"minecraft:shield":85,"minecraft:stone":10,"minecraft:iron_sword":981,"minecraft:bell":2,"minecraft:rotten_flesh":9,"minecraft:jungle_planks":144,"minecraft:deepslate_tile_slab":18,"pokecube_adventures:statue":11,"minecraft:snowball":1,"minecraft:stripped_spruce_log":384,"minecraft:milk_bucket":1,"quark:yellow_corundum_cluster":1,"minecraft:villager_spawn_egg":1,"minecraft:grass_block":2,"securitycraft:secret_sign_item":1,"minecraft:stone_brick_stairs":53,"minecraft:stone_bricks":944,"minecraft:redstone_lamp":2,"minecraft:snow":17,"minecraft:magma_block":2,"minecraft:bow":86,"minecraft:written_book":1,"minecraft:cooked_cod":6,"minecraft:furnace":7,"minecraft:dark_oak_sapling":17,"minecraft:dark_oak_stairs":2,"minecraft:oak_planks":108,"pokecube:pokemobegg":2,"minecraft:jungle_pressure_plate":4,"minecraft:chainmail_helmet":1,"minecraft:diamond_axe":98,"minecraft:oak_leaves":6,"minecraft:white_wool":16,"minecraft:stone_brick_wall":2,"waystones:waystone":10,"securitycraft:reinforced_dark_oak_slab":27,"minecraft:lever":2,"minecraft:bread":35,"minecraft:magenta_stained_glass_pane":33,"minecraft:cooked_rabbit":83,"minecraft:smooth_stone_slab":89,"minecraft:golden_pickaxe":32,"minecraft:bone_meal":7,"minecraft:oak_fence":6,"pokecube:pokewatch":4,"comforts:sleeping_bag_red":11,"quark:jungle_chest":16,"minecraft:spruce_planks":230,"minecraft:cooked_chicken":41,"minecraft:torch":343,"minecraft:dirt":447,"minecraft:spruce_stairs":78,"minecraft:cobblestone_wall":2,"minecraft:spruce_fence":6,"minecraft:stone_brick_slab":3,"pokecube:berryjuice":1,"minecraft:chipped_anvil":1,"minecraft:iron_axe":7,"waystones:warp_plate":2,"tombstone:gift":6,"minecraft:cooked_beef":23,"minecraft:powder_snow_bucket":2,"minecraft:cobbled_deepslate":76,"sophisticatedbackpacks:gold_backpack":5,"minecraft:cooked_mutton":11,"minecraft:water_bucket":218,"minecraft:snow_block":667,"minecraft:baked_potato":5,"quark:abacus":21,"minecraft:spruce_fence_gate":6,"minecraft:cobblestone_slab":2,"minecraft:white_bed":1,"minecraft:magenta_bed":12,"minecraft:crafting_table":2,"securitycraft:furnace_mine":1,"minecraft:spruce_log":1,"minecraft:dark_oak_door":2,"minecraft:oak_log":1,"minecraft:iron_pickaxe":693,"quark:spruce_post":6,"minecraft:spruce_trapdoor":43,"minecraft:spruce_sapling":29,"minecraft:yellow_wool":1,"minecraft:cobblestone":464,"quark:oak_chest":10,"minecraft:porkchop":2,"minecraft:cooked_porkchop":7,"minecraft:jungle_door":2,"minecraft:bucket":256,"minecraft:pumpkin_pie":8},"minecraft:picked_up":{"minecraft:iron_chestplate":1,"pokecube:berry_lum":9,"minecraft:light_blue_concrete":1,"minecraft:chainmail_boots":1,"minecraft:creeper_head":1,"minecraft:yellow_wool":5,"pokecube:berry_qualot":209,"minecraft:lead":1,"minecraft:enchanted_book":2,"minecraft:amethyst_block":3,"minecraft:string":46,"minecraft:raw_copper":4,"minecraft:smooth_stone_slab":12,"minecraft:pufferfish":1,"minecraft:gold_nugget":39,"minecraft:cobbled_deepslate":198,"comforts:sleeping_bag_white":1,"minecraft:calcite":5,"minecraft:iron_boots":2,"minecraft:furnace":1,"minecraft:stick":1,"minecraft:torch":31,"minecraft:porkchop":6,"tombstone:grave_dust":7,"minecraft:pointed_dripstone":2,"pokecube:berry_grepa":84,"minecraft:rabbit_foot":10,"pokecube:berry_oran":2,"minecraft:rotten_flesh":81,"minecraft:tropical_fish":1,"quark:violet_corundum_cluster":6,"minecraft:blaze_rod":17,"minecraft:snowball":318,"minecraft:cobblestone":422,"minecraft:magma_block":3,"minecraft:lilac":8,"pokecube:berryjuice":1,"minecraft:feather":57,"minecraft:cooked_beef":2,"minecraft:jungle_log":32,"minecraft:andesite":10,"minecraft:potato":11,"minecraft:flint":1,"minecraft:tuff":5,"minecraft:magenta_bed":6,"minecraft:lapis_lazuli":234,"minecraft:dirt":15,"minecraft:name_tag":1,"hmag:evil_crystal_fragment":6,"pokecube:berry_jaboca":194,"minecraft:bone":47,"minecraft:bow":1,"minecraft:wheat_seeds":23,"minecraft:raw_gold":59,"pokecube:berry_leppa":66,"minecraft:rabbit":66,"minecraft:glowstone_dust":6,"minecraft:oak_planks":52,"pokecube_legends:ruby":9,"hmag:necrofiber":2,"hmag:soul_powder":8,"minecraft:jungle_planks":33,"pokecube:berry_rawst":82,"pokecube:berry_pinap":4,"pokecube_adventures:statue":2,"minecraft:grass_block":1,"minecraft:bundle":2,"pokecube:berry_persim":4,"pokecube:berry_cheri":59,"tombstone:familiar_stone":2,"minecraft:diamond":8,"pokecube:berry_chesto":6,"minecraft:granite":11,"minecraft:crossbow":1,"hmag:dyssomnia_skin":1,"minecraft:white_concrete":4,"minecraft:chainmail_helmet":3,"minecraft:emerald":5,"minecraft:bread":8,"minecraft:nether_star":1,"pokecube:berry_rowap":3,"minecraft:crafting_table":1,"securitycraft:reinforced_dark_oak_slab":2,"minecraft:chicken":67,"artifacts:night_vision_goggles":1,"minecraft:packed_ice":5,"minecraft:brown_mushroom":6,"minecraft:cooked_rabbit":5,"minecraft:iron_axe":1,"quark:spruce_chest":2,"minecraft:beef":22,"pokecube:pokecube":6,"minecraft:iron_nugget":1,"minecraft:phantom_membrane":1,"minecraft:dark_oak_sapling":2,"minecraft:raw_iron":125,"minecraft:stone":10,"quark:violet_corundum":5,"artifacts:charm_of_sinking":1,"pokecube_legends:sapphire":11,"artifacts:vampiric_glove":1,"minecraft:carrot":1,"minecraft:redstone":112,"minecraft:arrow":35,"comforts:sleeping_bag_red":9,"minecraft:saddle":3,"minecraft:mutton":11,"minecraft:rail":2,"minecraft:white_wool":24,"minecraft:salmon":1,"minecraft:leather":21,"minecraft:red_mushroom":4,"minecraft:ice":37,"minecraft:golden_boots":1,"pokecube:mega_belt":2,"minecraft:gunpowder":8,"minecraft:white_banner":2,"quark:forgotten_hat":1,"pokecube:berry_aspear":2,"minecraft:stone_bricks":64,"minecraft:rabbit_hide":60,"minecraft:iron_ingot":2,"quark:glow_shroom":10,"minecraft:cooked_chicken":18,"minecraft:cobweb":6,"tombstone:bag_of_seeds":1,"minecraft:iron_sword":5,"minecraft:smooth_basalt":2,"minecraft:dripstone_block":12,"minecraft:gravel":5,"minecraft:amethyst_shard":28,"artifacts:scarf_of_invisibility":1,"quark:blue_corundum_cluster":4,"quark:abacus":1,"minecraft:spider_eye":12,"minecraft:light_blue_concrete_powder":1,"minecraft:slime_ball":8,"minecraft:chainmail_leggings":1,"minecraft:scute":13,"pokecube:nest":11,"tombstone:magic_scroll":1,"quark:blue_corundum":1,"minecraft:coal":127,"minecraft:ender_pearl":38},"minecraft:killed_by":{"minecraft:vindicator":3,"minecraft:zombie":2,"pokecube:jynx":1,"minecraft:player":1},"minecraft:broken":{"minecraft:iron_shovel":1,"minecraft:golden_boots":1,"minecraft:iron_chestplate":1,"minecraft:iron_sword":2,"minecraft:iron_pickaxe":2,"minecraft:golden_pickaxe":1},"minecraft:crafted":{"pokecube:tm":5,"securitycraft:mine":3,"minecraft:oak_planks":4,"minecraft:cooked_chicken":16,"pokecube:metalcoat":1,"sophisticatedbackpacks:magnet_upgrade":1,"minecraft:stone":392,"minecraft:cooked_mutton":2,"minecraft:glass":32,"minecraft:stone_brick_slab":6,"pokecube_adventures:statue":2,"minecraft:bow":1,"sophisticatedbackpacks:tank_upgrade":1,"minecraft:chest":1,"minecraft:stone_bricks":332,"minecraft:cooked_rabbit":14,"minecraft:cooked_porkchop":7,"minecraft:jungle_pressure_plate":4,"minecraft:sticky_piston":2,"sophisticatedbackpacks:upgrade_base":1,"sophisticatedbackpacks:refill_upgrade":1,"minecraft:stone_brick_stairs":24,"minecraft:shield":1,"minecraft:stick":24,"quark:oak_chest":2,"minecraft:iron_ingot":18,"sophisticatedbackpacks:auto_smelting_upgrade":1,"minecraft:iron_pickaxe":1,"minecraft:snow_block":110,"minecraft:packed_ice":2,"securitycraft:furnace_mine":3,"minecraft:coal":81,"sophisticatedbackpacks:advanced_refill_upgrade":1,"quark:jungle_chest":3,"minecraft:piston":2,"minecraft:bone_meal":3,"minecraft:leather":10,"minecraft:cooked_beef":6,"minecraft:iron_sword":1,"pokecube:revive":18,"minecraft:bucket":2,"minecraft:air":0,"sophisticatedbackpacks:pickup_upgrade":2,"minecraft:jungle_door":3,"minecraft:white_wool":5,"minecraft:gold_nugget":9,"minecraft:torch":24,"minecraft:lapis_lazuli":9},"minecraft:dropped":{"minecraft:iron_sword":3,"minecraft:cooked_beef":2,"minecraft:baked_potato":5,"minecraft:cooked_porkchop":2,"minecraft:crossbow":1,"pokecube:mega_belt":1,"minecraft:leather":1,"minecraft:saddle":1,"minecraft:rail":2,"minecraft:emerald":1,"artifacts:night_vision_goggles":1,"minecraft:dirt":926,"tombstone:bag_of_seeds":1,"pokecube:berry_rowap":3,"minecraft:snowball":1,"securitycraft:furnace_mine":2,"minecraft:pumpkin_pie":10,"minecraft:bone_meal":2,"minecraft:iron_pickaxe":1,"minecraft:white_wool":10,"minecraft:iron_nugget":1,"minecraft:cooked_chicken":30,"minecraft:cobbled_deepslate":223,"pokecube_adventures:statue":1,"tombstone:gift":1,"minecraft:pointed_dripstone":2,"pokecube:berry_pinap":3,"minecraft:rotten_flesh":21,"minecraft:glowstone_dust":1,"pokecube:berry_leppa":28,"minecraft:salmon":1,"minecraft:rabbit_foot":1,"minecraft:rabbit_hide":3,"pokecube:nest":11,"pokecube:berry_aspear":1,"pokecube:berry_cheri":4,"pokecube:pokemobegg":5,"pokecube:berry_lum":9,"quark:forgotten_hat":1,"comforts:sleeping_bag_white":2,"pokecube:pokecube":5,"securitycraft:reinforced_dark_oak_slab":2,"minecraft:stone_brick_stairs":4,"minecraft:iron_ingot":62,"minecraft:stripped_spruce_log":160,"minecraft:wheat_seeds":14,"minecraft:dripstone_block":1,"pokecube:berry_rawst":20,"minecraft:feather":7,"minecraft:cobblestone":1459,"quark:abacus":1,"pokecube:berry_grepa":29,"quark:spruce_chest":1,"minecraft:granite":2,"minecraft:chainmail_helmet":1,"minecraft:stick":2,"minecraft:lava_bucket":1,"minecraft:torch":2,"minecraft:rabbit":11,"minecraft:jungle_door":1,"tombstone:grave_dust":1,"pokecube:metalcoat":1,"minecraft:iron_axe":1,"artifacts:feral_claws":1,"minecraft:smooth_stone":11,"minecraft:chainmail_leggings":1,"hmag:evil_crystal_fragment":1,"minecraft:redstone":1,"minecraft:smooth_stone_slab":12,"pokecube:berry_qualot":97,"minecraft:chicken":4,"minecraft:iron_boots":2,"pokecube:berry_persim":3,"pokecube:berry_chesto":6,"minecraft:stone":55,"minecraft:bundle":2,"minecraft:iron_chestplate":1,"minecraft:oak_sapling":2,"minecraft:spider_eye":1,"minecraft:stone_bricks":211,"minecraft:magma_block":1,"minecraft:cooked_rabbit":15,"pokecube:berry_oran":2,"pokecube:berry_jaboca":75},"minecraft:killed":{"pokecube:geodude":261,"hmag:necrotic_reaper":2,"pokecube:hitmontop":1,"minecraft:cave_spider":9,"pokecube:marill":1,"pokecube:blitzle":1,"pokecube:machamp":4,"pokecube:torkoal":37,"pokecube:nidoran-f":2,"minecraft:spider":18,"pokecube:eiscue-ice":1,"pokecube:mr-mime-galar":10,"pokecube:swinub":4,"pokecube:pawmi":24,"quark:forgotten":1,"minecraft:skeleton":35,"pokecube:bouffalant":1,"pokecube:venipede":2,"quark:shiba":2,"pokecube:shinx":7,"pokecube:zigzagoon":1,"pokecube:flaaffy":1,"pyrologernfriends:outcast":2,"pokecube:indeedee-male":2,"pokecube:furfrou":1,"pokecube:pinsir":8,"minecraft:silverfish":1,"pokecube:pidgey":29,"pokecube:gossifleur":8,"hmag:catoblepas":1,"pokecube:bellsprout":1,"pokecube:vanillite":2,"artifacts:mimic":2,"pokecube:chimecho":1,"pokecube:sentret":4,"hmag:harpy":1,"pokecube:growlithe":1,"pokecube:tynamo":3,"pokecube:sneasel":3,"pokecube:buneary":1,"pokecube:zorua":1,"pokecube:bronzor":1,"pokecube:bergmite":7,"pokecube:tauros":3,"minecraft:creeper":10,"pokecube:rockruff":3,"pokecube:miltank":8,"pokecube:raikou":1,"minecraft:trader_llama":5,"minecraft:pillager":13,"hmag:dyssomnia":1,"pokecube:jynx":8,"pokecube:oddish":3,"minecraft:zombie":65,"pokecube:vullaby":32,"pokecube:sawk":4,"pokecube:natu":1,"pokecube:skitty":1,"pokecube:nickit":1,"pokecube:growlithe-hisui":6,"pokecube:scyther":1,"pokecube:koffing":2,"pokecube:chingling":21,"pokecube:magmar":3,"pokecube:ducklett":1,"pokecube:zubat":4,"pokecube:shuckle":3,"pokecube:spearow":12,"pokecube:onix":4,"pokecube:bidoof":5,"pokecube:roggenrola":194,"pokecube:snover":26,"pokecube:rolycoly":2,"pokecube:wooloo":33,"pokecube:absol":1,"hmag:creeper_girl":1,"minecraft:vindicator":1,"pokecube:plusle":5,"pokecube:sunkern":7,"hmag:skeleton_girl":4,"pokecube:maschiff":1,"pokecube:foongus":6,"pokecube:seviper":8,"pokecube:vulpix":26,"pokecube:exeggcute":3,"pokecube:gallade":2,"hmag:zombie_girl":11,"pokecube:hawlucha":1,"pokecube:psyduck":2,"pokecube:skorupi":1,"minecraft:drowned":2,"pokecube:minun":18,"pokecube:tandemaus":5,"pokecube:meowth-galar":2,"pokecube:rattata":1,"pokecube:taillow":5,"pokecube:corviknight":1,"pokecube:cutiefly":10,"pokecube:mareep":7,"pokecube:girafarig":6,"pokecube:patrat":13,"hmag:ghost":14,"pokecube:spinda":11,"pokecube:electrike":13,"pokecube:yamask-galar":7,"pokecube:tarountula":1,"pokecube:pumpkaboo-average":2,"pokecube:hatterene":4,"pokecube:snom":7,"pokecube:scatterbug":5,"pokecube:stonjourner":5,"pokecube:gastly":5,"pokecube:vulpix-alola":17,"pokecube:darumaka-galar":12,"minecraft:wandering_trader":2,"pokecube:yungoos":18,"pokecube:poliwhirl":2,"minecraft:ravager":1,"pokecube:npc":11,"pokecube:snorunt":18,"pokecube:roselia":1,"pokecube:larvitar":8,"pokecube:tinkatink":3,"hmag:kobold":1,"pokecube:poochyena":1,"pokecube:squawkabilly":1,"pokecube:farfetchd-galar":3,"pokecube:paras":2,"pokecube:pidove":8,"pokecube:hoppip":4,"pokecube:starly":29,"pokecube:fletchling":14,"pokecube:numel":6,"pokecube:diglett":3,"pokecube:oricorio-baile":5,"pokecube:scraggy":2,"pokecube:grookey":1,"pokecube_adventures:trainer":3,"minecraft:villager":1,"minecraft:enderman":2,"pokecube:geodude-alola":1},"minecraft:custom":{"minecraft:interact_with_crafting_table":22,"minecraft:open_barrel":12,"minecraft:leave_game":52,"minecraft:time_since_death":415050,"minecraft:sprint_one_cm":1151721,"minecraft:damage_blocked_by_shield":1997,"minecraft:drop":226,"minecraft:talked_to_villager":47,"minecraft:play_time":1285093,"minecraft:deaths":10,"minecraft:jump":12560,"minecraft:walk_on_water_one_cm":60914,"minecraft:interact_with_furnace":83,"minecraft:traded_with_villager":19,"minecraft:sleep_in_bed":66,"minecraft:waystone_activated":13,"minecraft:open_enderchest":4,"minecraft:damage_dealt":78179,"minecraft:player_kills":3,"minecraft:crouch_one_cm":72218,"tombstone:undead_killed":135,"tombstone:villager_killed":17,"minecraft:interact_with_smoker":1,"minecraft:interact_with_anvil":3,"minecraft:mob_kills":1411,"minecraft:damage_dealt_resisted":2660,"minecraft:climb_one_cm":1168,"minecraft:walk_one_cm":3617680,"minecraft:damage_dealt_absorbed":358,"minecraft:sneak_time":27277,"minecraft:walk_under_water_one_cm":102594,"minecraft:interact_with_blast_furnace":4,"minecraft:total_world_time":1285093,"tombstone:raider_killed":26,"minecraft:raid_trigger":2,"minecraft:time_since_rest":10662,"minecraft:damage_taken":2147483647,"minecraft:swim_one_cm":82589,"minecraft:fly_one_cm":2601299,"minecraft:open_chest":718,"minecraft:fall_one_cm":284806}},"DataVersion":2975}