{"stats":{"minecraft:crafted":{"minecraft:oak_planks":4,"minecraft:cooked_chicken":10,"pokecube:metalcoat":1,"minecraft:bone_meal":3,"minecraft:bow":1,"minecraft:cooked_rabbit":10,"minecraft:cooked_beef":6,"minecraft:cooked_porkchop":3,"minecraft:jungle_pressure_plate":4,"minecraft:bucket":1,"minecraft:air":0,"minecraft:jungle_door":3,"minecraft:stick":4,"minecraft:iron_ingot":18,"minecraft:iron_pickaxe":1},"minecraft:used":{"minecraft:spruce_slab":2,"minecraft:oak_sign":2,"comforts:sleeping_bag_red":3,"quark:jungle_chest":14,"minecraft:chest":2,"minecraft:shield":55,"minecraft:iron_sword":524,"minecraft:stone":10,"minecraft:cooked_chicken":23,"minecraft:rotten_flesh":9,"minecraft:torch":220,"minecraft:dirt":68,"minecraft:jungle_planks":141,"minecraft:spruce_stairs":1,"minecraft:chipped_anvil":1,"quark:yellow_corundum_cluster":1,"securitycraft:secret_sign_item":1,"minecraft:stone_brick_stairs":1,"minecraft:snow":7,"minecraft:magma_block":2,"minecraft:bow":19,"minecraft:furnace":6,"tombstone:gift":2,"minecraft:cobbled_deepslate":76,"minecraft:dark_oak_sapling":1,"minecraft:water_bucket":71,"minecraft:snow_block":438,"minecraft:baked_potato":5,"pokecube:pokemobegg":2,"minecraft:oak_planks":102,"quark:abacus":21,"minecraft:jungle_pressure_plate":4,"minecraft:chainmail_helmet":1,"minecraft:white_wool":11,"minecraft:magenta_bed":6,"minecraft:crafting_table":1,"minecraft:white_bed":1,"waystones:waystone":3,"minecraft:bread":21,"minecraft:iron_pickaxe":435,"minecraft:porkchop":2,"minecraft:cobblestone":33,"minecraft:cooked_porkchop":3,"minecraft:cooked_rabbit":20,"minecraft:jungle_door":2,"minecraft:bucket":72,"quark:oak_chest":8,"minecraft:smooth_stone_slab":41,"minecraft:golden_pickaxe":32,"minecraft:bone_meal":1},"minecraft:mined":{"minecraft:deepslate_diamond_ore":8,"minecraft:light_blue_concrete":1,"pokecube_legends:deepslate_sapphire_ore":6,"minecraft:granite":10,"minecraft:white_concrete":4,"minecraft:spawner":2,"minecraft:redstone_ore":2,"minecraft:magma_block":3,"minecraft:furnace":1,"minecraft:iron_ore":40,"minecraft:light_blue_concrete_powder":1,"minecraft:andesite":10,"minecraft:deepslate_lapis_ore":23,"minecraft:deepslate_iron_ore":63,"pokecube_legends:ruby_ore":2,"minecraft:stone":45,"quark:violet_corundum":5,"minecraft:deepslate_redstone_ore":3,"quark:blue_corundum":1,"minecraft:amethyst_cluster":5,"minecraft:torch":7,"minecraft:calcite":5,"quark:blue_corundum_cluster":1,"pokecube:nest":11,"minecraft:tall_grass":1,"minecraft:cobblestone":4,"minecraft:deepslate_gold_ore":52,"minecraft:lapis_ore":7,"minecraft:wall_torch":2,"minecraft:amethyst_block":3,"minecraft:magenta_bed":2,"quark:glow_shroom":10,"minecraft:grass":16,"minecraft:coal_ore":59,"minecraft:smooth_basalt":2,"minecraft:dark_oak_sapling":1,"minecraft:dripstone_block":3,"minecraft:dirt":4,"minecraft:cobweb":23,"pokecube_legends:deepslate_ruby_ore":6,"minecraft:gold_ore":2,"minecraft:deepslate":75},"minecraft:picked_up":{"minecraft:light_blue_concrete":1,"artifacts:night_vision_goggles":1,"minecraft:chainmail_boots":1,"minecraft:chicken":15,"minecraft:creeper_head":1,"pokecube:berry_qualot":51,"minecraft:lead":1,"minecraft:brown_mushroom":6,"minecraft:enchanted_book":1,"minecraft:amethyst_block":3,"minecraft:string":41,"minecraft:raw_copper":4,"minecraft:smooth_stone_slab":12,"minecraft:gold_nugget":4,"minecraft:cobbled_deepslate":123,"comforts:sleeping_bag_white":1,"minecraft:beef":6,"pokecube:pokecube":5,"minecraft:calcite":5,"minecraft:iron_boots":2,"minecraft:furnace":1,"minecraft:dark_oak_sapling":1,"minecraft:raw_iron":104,"minecraft:stone":3,"quark:violet_corundum":5,"artifacts:charm_of_sinking":1,"minecraft:torch":13,"pokecube_legends:sapphire":6,"minecraft:porkchop":6,"artifacts:vampiric_glove":1,"minecraft:pointed_dripstone":2,"tombstone:grave_dust":4,"minecraft:carrot":1,"minecraft:redstone":30,"pokecube:berry_grepa":7,"minecraft:rabbit_foot":2,"pokecube:berry_oran":2,"minecraft:arrow":32,"minecraft:rotten_flesh":48,"quark:violet_corundum_cluster":6,"comforts:sleeping_bag_red":3,"minecraft:saddle":2,"minecraft:blaze_rod":1,"minecraft:rail":2,"minecraft:snowball":2,"minecraft:white_wool":5,"minecraft:cobblestone":156,"minecraft:magma_block":3,"minecraft:feather":9,"minecraft:andesite":10,"minecraft:leather":8,"minecraft:red_mushroom":4,"minecraft:potato":11,"minecraft:ice":3,"minecraft:magenta_bed":2,"minecraft:gunpowder":6,"minecraft:lapis_lazuli":204,"minecraft:dirt":6,"quark:forgotten_hat":1,"minecraft:name_tag":1,"hmag:evil_crystal_fragment":6,"pokecube:berry_jaboca":38,"minecraft:bone":28,"minecraft:bow":1,"minecraft:wheat_seeds":4,"minecraft:raw_gold":53,"minecraft:rabbit_hide":13,"quark:glow_shroom":10,"minecraft:cooked_chicken":17,"minecraft:cobweb":6,"tombstone:bag_of_seeds":1,"pokecube:berry_leppa":7,"minecraft:rabbit":8,"minecraft:glowstone_dust":1,"minecraft:iron_sword":3,"minecraft:smooth_basalt":2,"pokecube_legends:ruby":8,"hmag:soul_powder":8,"minecraft:dripstone_block":3,"minecraft:gravel":1,"minecraft:amethyst_shard":20,"pokecube:berry_rawst":31,"artifacts:scarf_of_invisibility":1,"quark:blue_corundum_cluster":4,"quark:abacus":1,"minecraft:spider_eye":8,"minecraft:light_blue_concrete_powder":1,"pokecube:berry_cheri":1,"tombstone:familiar_stone":1,"minecraft:diamond":8,"minecraft:chainmail_leggings":1,"minecraft:scute":3,"minecraft:granite":11,"pokecube:nest":11,"minecraft:white_concrete":4,"minecraft:chainmail_helmet":3,"minecraft:bread":5,"tombstone:magic_scroll":1,"quark:blue_corundum":1,"minecraft:coal":62,"minecraft:ender_pearl":11},"minecraft:custom":{"minecraft:interact_with_anvil":1,"minecraft:mob_kills":294,"minecraft:interact_with_crafting_table":5,"minecraft:open_barrel":10,"minecraft:damage_dealt_resisted":114,"minecraft:leave_game":22,"minecraft:time_since_death":43958,"minecraft:sprint_one_cm":350741,"minecraft:walk_one_cm":1141919,"minecraft:damage_blocked_by_shield":1500,"minecraft:drop":47,"minecraft:damage_dealt_absorbed":99,"minecraft:talked_to_villager":5,"minecraft:play_time":383353,"minecraft:sneak_time":9343,"minecraft:deaths":2,"minecraft:walk_under_water_one_cm":78883,"minecraft:jump":4089,"minecraft:interact_with_blast_furnace":4,"minecraft:walk_on_water_one_cm":43087,"minecraft:total_world_time":383353,"minecraft:interact_with_furnace":25,"tombstone:raider_killed":3,"minecraft:traded_with_villager":1,"minecraft:sleep_in_bed":23,"minecraft:time_since_rest":22056,"minecraft:waystone_activated":3,"minecraft:damage_taken":2147483647,"minecraft:open_enderchest":2,"minecraft:damage_dealt":38430,"minecraft:swim_one_cm":82269,"minecraft:fly_one_cm":1053520,"minecraft:open_chest":326,"minecraft:crouch_one_cm":18661,"tombstone:undead_killed":82,"tombstone:villager_killed":1,"minecraft:interact_with_smoker":1,"minecraft:fall_one_cm":90262},"minecraft:broken":{"minecraft:iron_sword":1,"minecraft:iron_pickaxe":2,"minecraft:golden_pickaxe":1},"minecraft:killed_by":{"minecraft:zombie":1,"pokecube:jynx":1},"minecraft:killed":{"pokecube:geodude":52,"minecraft:cave_spider":9,"pokecube:bidoof":1,"pokecube:roggenrola":33,"pokecube:snover":2,"pokecube:rolycoly":1,"pokecube:wooloo":6,"pokecube:torkoal":4,"minecraft:spider":10,"pokecube:mr-mime-galar":2,"pokecube:plusle":4,"hmag:skeleton_girl":2,"pokecube:swinub":4,"pokecube:foongus":1,"pokecube:pawmi":7,"quark:forgotten":1,"pokecube:vulpix":4,"minecraft:skeleton":20,"pokecube:exeggcute":1,"hmag:zombie_girl":11,"quark:shiba":1,"minecraft:silverfish":1,"pokecube:gossifleur":1,"minecraft:drowned":2,"pokecube:taillow":3,"pokecube:cutiefly":1,"artifacts:mimic":2,"hmag:ghost":8,"pokecube:yamask-galar":1,"pokecube:snom":1,"pokecube:scatterbug":1,"pokecube:vulpix-alola":1,"pokecube:darumaka-galar":2,"minecraft:wandering_trader":1,"pokecube:yungoos":1,"minecraft:creeper":4,"pokecube:larvitar":1,"hmag:kobold":1,"minecraft:trader_llama":2,"minecraft:zombie":38,"pokecube:vullaby":4,"pokecube:paras":2,"pokecube:nickit":1,"pokecube:starly":8,"pokecube:growlithe-hisui":3,"pokecube:oricorio-baile":3,"pokecube:fletchling":1,"pokecube:numel":3,"pokecube:diglett":1,"pokecube:scyther":1,"pokecube:chingling":8,"pokecube:geodude-alola":1,"pokecube:ducklett":1},"minecraft:dropped":{"minecraft:iron_ingot":2,"minecraft:iron_sword":2,"minecraft:wheat_seeds":4,"minecraft:baked_potato":5,"minecraft:dripstone_block":1,"minecraft:feather":1,"quark:abacus":1,"minecraft:granite":2,"minecraft:chainmail_helmet":1,"minecraft:rail":2,"artifacts:night_vision_goggles":1,"tombstone:bag_of_seeds":1,"minecraft:torch":2,"minecraft:jungle_door":1,"minecraft:bone_meal":2,"minecraft:chainmail_leggings":1,"minecraft:white_wool":1,"hmag:evil_crystal_fragment":1,"minecraft:smooth_stone_slab":12,"pokecube:berry_qualot":6,"tombstone:gift":1,"minecraft:pointed_dripstone":2,"minecraft:rotten_flesh":19,"minecraft:iron_boots":2,"minecraft:rabbit_hide":1,"pokecube:nest":11,"pokecube:pokemobegg":4,"quark:forgotten_hat":1,"minecraft:spider_eye":1,"comforts:sleeping_bag_white":1,"pokecube:pokecube":1,"pokecube:berry_oran":2}},"DataVersion":2975}