{"stats":{"minecraft:used":{"minecraft:stone_brick_stairs":1,"waystones:waystone":1,"securitycraft:secret_sign_item":1,"minecraft:magenta_bed":2,"minecraft:spruce_slab":2,"minecraft:spruce_stairs":1,"minecraft:white_bed":1,"minecraft:oak_sign":1,"quark:oak_chest":8,"quark:jungle_chest":2},"minecraft:picked_up":{"pokecube:berry_cheri":1,"pokecube:pokecube":1},"minecraft:custom":{"minecraft:time_since_rest":2914,"minecraft:open_chest":13,"minecraft:waystone_activated":1,"minecraft:crouch_one_cm":1,"minecraft:sprint_one_cm":7873,"minecraft:play_time":27671,"minecraft:open_enderchest":1,"minecraft:walk_one_cm":26789,"minecraft:sneak_time":18,"minecraft:walk_under_water_one_cm":8409,"minecraft:jump":65,"minecraft:leave_game":7,"minecraft:time_since_death":27671,"minecraft:sleep_in_bed":2,"minecraft:total_world_time":27671,"minecraft:fly_one_cm":72205}},"DataVersion":2975}