{"stats":{"minecraft:used":{"minecraft:spruce_slab":2,"minecraft:oak_sign":2,"comforts:sleeping_bag_red":3,"quark:jungle_chest":14,"minecraft:chest":2,"minecraft:shield":55,"minecraft:stone":10,"minecraft:iron_sword":447,"minecraft:cooked_chicken":23,"minecraft:rotten_flesh":9,"minecraft:torch":188,"minecraft:dirt":68,"minecraft:jungle_planks":141,"minecraft:spruce_stairs":1,"securitycraft:secret_sign_item":1,"minecraft:stone_brick_stairs":1,"minecraft:snow":7,"minecraft:magma_block":2,"minecraft:bow":12,"minecraft:furnace":1,"tombstone:gift":1,"minecraft:cobbled_deepslate":76,"minecraft:dark_oak_sapling":1,"minecraft:water_bucket":62,"minecraft:snow_block":438,"minecraft:oak_planks":102,"minecraft:baked_potato":5,"quark:abacus":21,"minecraft:jungle_pressure_plate":2,"minecraft:chainmail_helmet":1,"minecraft:white_wool":11,"minecraft:magenta_bed":4,"minecraft:white_bed":1,"waystones:waystone":3,"minecraft:bread":12,"minecraft:iron_pickaxe":301,"minecraft:cobblestone":20,"minecraft:cooked_porkchop":3,"minecraft:jungle_door":2,"minecraft:cooked_rabbit":17,"minecraft:bucket":62,"quark:oak_chest":8,"minecraft:golden_pickaxe":32,"minecraft:bone_meal":1},"minecraft:mined":{"minecraft:deepslate_diamond_ore":1,"minecraft:light_blue_concrete":1,"pokecube_legends:deepslate_sapphire_ore":1,"minecraft:granite":2,"minecraft:white_concrete":4,"minecraft:spawner":2,"minecraft:magma_block":3,"minecraft:redstone_ore":2,"minecraft:light_blue_concrete_powder":1,"minecraft:iron_ore":31,"minecraft:deepslate_lapis_ore":23,"minecraft:deepslate_iron_ore":60,"minecraft:stone":22,"pokecube_legends:ruby_ore":2,"quark:violet_corundum":5,"minecraft:deepslate_redstone_ore":3,"quark:blue_corundum":1,"minecraft:amethyst_cluster":5,"minecraft:torch":5,"quark:blue_corundum_cluster":1,"minecraft:tall_grass":1,"pokecube:nest":11,"minecraft:lapis_ore":7,"minecraft:deepslate_gold_ore":25,"minecraft:wall_torch":2,"quark:glow_shroom":10,"minecraft:grass":16,"minecraft:coal_ore":44,"minecraft:dark_oak_sapling":1,"minecraft:dripstone_block":3,"minecraft:dirt":4,"minecraft:cobweb":23,"pokecube_legends:deepslate_ruby_ore":6,"minecraft:gold_ore":2,"minecraft:deepslate":63},"minecraft:picked_up":{"minecraft:light_blue_concrete":1,"artifacts:night_vision_goggles":1,"minecraft:chicken":6,"minecraft:creeper_head":1,"pokecube:berry_qualot":16,"minecraft:brown_mushroom":2,"minecraft:enchanted_book":1,"minecraft:string":38,"minecraft:raw_copper":4,"minecraft:smooth_stone_slab":12,"minecraft:cobbled_deepslate":112,"comforts:sleeping_bag_white":1,"minecraft:beef":6,"pokecube:pokecube":4,"minecraft:iron_boots":2,"minecraft:dark_oak_sapling":1,"minecraft:raw_iron":92,"quark:violet_corundum":5,"artifacts:charm_of_sinking":1,"minecraft:torch":10,"pokecube_legends:sapphire":1,"minecraft:porkchop":2,"artifacts:vampiric_glove":1,"minecraft:pointed_dripstone":2,"tombstone:grave_dust":4,"minecraft:carrot":1,"minecraft:redstone":29,"minecraft:rabbit_foot":1,"minecraft:arrow":26,"minecraft:rotten_flesh":46,"quark:violet_corundum_cluster":6,"comforts:sleeping_bag_red":3,"minecraft:saddle":2,"minecraft:blaze_rod":1,"minecraft:white_wool":5,"minecraft:rail":2,"minecraft:cobblestone":92,"minecraft:magma_block":3,"minecraft:feather":2,"minecraft:leather":6,"minecraft:red_mushroom":2,"minecraft:potato":11,"minecraft:ice":1,"minecraft:gunpowder":6,"minecraft:lapis_lazuli":204,"minecraft:dirt":6,"quark:forgotten_hat":1,"minecraft:name_tag":1,"hmag:evil_crystal_fragment":6,"pokecube:berry_jaboca":36,"minecraft:bone":21,"minecraft:bow":1,"minecraft:wheat_seeds":4,"minecraft:raw_gold":26,"minecraft:rabbit_hide":9,"quark:glow_shroom":10,"minecraft:cooked_chicken":17,"minecraft:cobweb":6,"tombstone:bag_of_seeds":1,"pokecube:berry_leppa":2,"minecraft:rabbit":7,"minecraft:iron_sword":1,"pokecube_legends:ruby":8,"hmag:soul_powder":6,"minecraft:dripstone_block":3,"minecraft:amethyst_shard":20,"pokecube:berry_rawst":25,"quark:abacus":1,"artifacts:scarf_of_invisibility":1,"quark:blue_corundum_cluster":4,"minecraft:spider_eye":6,"minecraft:light_blue_concrete_powder":1,"pokecube:berry_cheri":1,"tombstone:familiar_stone":1,"minecraft:diamond":1,"minecraft:chainmail_leggings":1,"minecraft:scute":1,"minecraft:granite":3,"minecraft:white_concrete":4,"pokecube:nest":11,"minecraft:bread":5,"minecraft:chainmail_helmet":2,"tombstone:magic_scroll":1,"quark:blue_corundum":1,"minecraft:coal":45,"minecraft:ender_pearl":10},"minecraft:killed_by":{"minecraft:zombie":1},"minecraft:broken":{"minecraft:iron_sword":1,"minecraft:iron_pickaxe":1,"minecraft:golden_pickaxe":1},"minecraft:crafted":{"minecraft:oak_planks":4,"minecraft:cooked_chicken":2,"minecraft:bone_meal":3,"minecraft:bow":1,"minecraft:cooked_rabbit":10,"minecraft:cooked_porkchop":3,"minecraft:jungle_pressure_plate":2,"minecraft:air":0,"minecraft:jungle_door":3,"minecraft:stick":4,"minecraft:iron_ingot":9,"minecraft:iron_pickaxe":1},"minecraft:dropped":{"minecraft:iron_ingot":2,"minecraft:iron_sword":2,"minecraft:wheat_seeds":4,"minecraft:baked_potato":5,"minecraft:dripstone_block":1,"minecraft:feather":1,"quark:abacus":1,"minecraft:granite":2,"minecraft:chainmail_helmet":1,"minecraft:rail":2,"artifacts:night_vision_goggles":1,"minecraft:torch":1,"minecraft:jungle_door":1,"minecraft:bone_meal":2,"minecraft:chainmail_leggings":1,"minecraft:white_wool":1,"hmag:evil_crystal_fragment":1,"minecraft:smooth_stone_slab":12,"minecraft:pointed_dripstone":2,"tombstone:gift":1,"minecraft:rotten_flesh":19,"minecraft:iron_boots":2,"minecraft:rabbit_hide":1,"pokecube:nest":11,"pokecube:pokemobegg":4,"quark:forgotten_hat":1,"minecraft:spider_eye":1,"comforts:sleeping_bag_white":1},"minecraft:killed":{"pokecube:ducklett":1,"pokecube:bidoof":1,"minecraft:cave_spider":9,"pokecube:roggenrola":16,"pokecube:wooloo":6,"pokecube:torkoal":3,"minecraft:spider":6,"pokecube:plusle":4,"hmag:skeleton_girl":2,"pokecube:swinub":1,"pokecube:foongus":1,"pokecube:pawmi":4,"quark:forgotten":1,"pokecube:vulpix":4,"minecraft:skeleton":14,"pokecube:exeggcute":1,"hmag:zombie_girl":7,"quark:shiba":1,"minecraft:silverfish":1,"pokecube:gossifleur":1,"minecraft:drowned":2,"artifacts:mimic":2,"hmag:ghost":6,"pokecube:darumaka-galar":1,"pokecube:yungoos":1,"minecraft:creeper":4,"hmag:kobold":1,"minecraft:zombie":35,"pokecube:vullaby":4,"pokecube:nickit":1,"pokecube:growlithe-hisui":3,"pokecube:numel":3,"pokecube:diglett":1,"pokecube:scyther":1,"pokecube:chingling":8,"pokecube:geodude":38},"minecraft:custom":{"minecraft:mob_kills":202,"minecraft:interact_with_crafting_table":4,"minecraft:open_barrel":5,"minecraft:damage_dealt_resisted":114,"minecraft:leave_game":18,"minecraft:time_since_death":214539,"minecraft:sprint_one_cm":280287,"minecraft:walk_one_cm":930147,"minecraft:damage_blocked_by_shield":1500,"minecraft:drop":41,"minecraft:damage_dealt_absorbed":99,"minecraft:talked_to_villager":4,"minecraft:play_time":305260,"minecraft:deaths":1,"minecraft:sneak_time":7905,"minecraft:walk_under_water_one_cm":78268,"minecraft:jump":3344,"minecraft:interact_with_blast_furnace":4,"minecraft:walk_on_water_one_cm":40591,"minecraft:total_world_time":305260,"minecraft:interact_with_furnace":11,"tombstone:raider_killed":3,"minecraft:sleep_in_bed":19,"minecraft:time_since_rest":250,"minecraft:waystone_activated":3,"minecraft:open_enderchest":2,"minecraft:damage_taken":3894,"minecraft:damage_dealt":31579,"minecraft:swim_one_cm":78468,"minecraft:fly_one_cm":971241,"minecraft:open_chest":259,"minecraft:crouch_one_cm":15856,"tombstone:undead_killed":67,"minecraft:fall_one_cm":71404}},"DataVersion":2975}