{"stats":{"minecraft:killed":{"pokecube:geodude":72,"hmag:necrotic_reaper":2,"minecraft:cave_spider":9,"pokecube:torkoal":11,"minecraft:spider":12,"pokecube:mr-mime-galar":2,"pokecube:swinub":4,"pokecube:pawmi":8,"quark:forgotten":1,"minecraft:skeleton":21,"quark:shiba":1,"pokecube:furfrou":1,"minecraft:silverfish":1,"pokecube:pidgey":1,"pokecube:gossifleur":1,"artifacts:mimic":2,"pokecube:chimecho":1,"pokecube:growlithe":1,"pokecube:buneary":1,"pokecube:bergmite":3,"minecraft:creeper":4,"pokecube:miltank":5,"pokecube:raikou":1,"minecraft:trader_llama":2,"minecraft:pillager":8,"pokecube:jynx":1,"minecraft:zombie":44,"pokecube:vullaby":8,"pokecube:skitty":1,"pokecube:nickit":1,"pokecube:growlithe-hisui":4,"pokecube:scyther":1,"pokecube:chingling":11,"pokecube:ducklett":1,"pokecube:bidoof":4,"pokecube:roggenrola":59,"pokecube:snover":8,"pokecube:rolycoly":2,"pokecube:wooloo":12,"hmag:creeper_girl":1,"minecraft:vindicator":1,"pokecube:sunkern":1,"pokecube:plusle":4,"hmag:skeleton_girl":2,"pokecube:foongus":1,"pokecube:vulpix":19,"pokecube:exeggcute":1,"hmag:zombie_girl":11,"pokecube:skorupi":1,"minecraft:drowned":2,"pokecube:minun":8,"pokecube:rattata":1,"pokecube:taillow":3,"pokecube:cutiefly":5,"hmag:ghost":9,"pokecube:yamask-galar":4,"pokecube:snom":1,"pokecube:scatterbug":1,"pokecube:darumaka-galar":3,"pokecube:vulpix-alola":3,"minecraft:wandering_trader":1,"pokecube:yungoos":6,"minecraft:ravager":1,"pokecube:snorunt":1,"pokecube:larvitar":1,"hmag:kobold":1,"pokecube:poochyena":1,"pokecube:paras":2,"pokecube:starly":9,"pokecube:numel":3,"pokecube:fletchling":1,"pokecube:oricorio-baile":3,"pokecube:diglett":2,"pokecube:geodude-alola":1,"minecraft:enderman":1},"minecraft:mined":{"minecraft:light_blue_concrete":1,"pokecube_legends:deepslate_sapphire_ore":8,"minecraft:granite":10,"minecraft:white_concrete":4,"minecraft:spawner":2,"minecraft:magma_block":3,"minecraft:iron_ore":40,"minecraft:deepslate_lapis_ore":27,"quark:violet_corundum":5,"minecraft:deepslate_redstone_ore":16,"minecraft:amethyst_cluster":7,"minecraft:torch":7,"minecraft:calcite":5,"quark:blue_corundum_cluster":1,"minecraft:cobblestone":4,"minecraft:oak_planks":3,"minecraft:wall_torch":2,"minecraft:amethyst_block":3,"minecraft:magenta_bed":2,"quark:glow_shroom":10,"minecraft:grass":31,"minecraft:dark_oak_sapling":1,"minecraft:dirt":4,"minecraft:smooth_basalt":2,"minecraft:deepslate":88,"minecraft:deepslate_diamond_ore":8,"minecraft:redstone_ore":3,"minecraft:furnace":1,"minecraft:light_blue_concrete_powder":1,"minecraft:snow":1,"minecraft:andesite":10,"minecraft:deepslate_iron_ore":63,"minecraft:stone":45,"pokecube_legends:ruby_ore":2,"quark:blue_corundum":1,"minecraft:snow_block":24,"minecraft:tall_grass":8,"pokecube:nest":11,"minecraft:lapis_ore":7,"minecraft:deepslate_gold_ore":58,"minecraft:coal_ore":59,"minecraft:dripstone_block":3,"minecraft:cobweb":23,"pokecube_legends:deepslate_ruby_ore":7,"minecraft:gold_ore":2},"minecraft:used":{"minecraft:iron_shovel":25,"minecraft:spruce_slab":2,"minecraft:oak_sign":2,"minecraft:chest":3,"minecraft:shield":61,"minecraft:stone":10,"minecraft:iron_sword":634,"minecraft:rotten_flesh":9,"minecraft:jungle_planks":144,"securitycraft:secret_sign_item":1,"quark:yellow_corundum_cluster":1,"minecraft:stone_brick_stairs":1,"minecraft:bow":27,"minecraft:magma_block":2,"minecraft:snow":7,"minecraft:furnace":6,"minecraft:dark_oak_sapling":1,"pokecube:pokemobegg":2,"minecraft:oak_planks":108,"minecraft:chainmail_helmet":1,"minecraft:jungle_pressure_plate":4,"minecraft:diamond_axe":10,"minecraft:white_wool":11,"waystones:waystone":3,"minecraft:bread":21,"minecraft:cooked_rabbit":29,"minecraft:smooth_stone_slab":41,"minecraft:bone_meal":1,"minecraft:golden_pickaxe":32,"comforts:sleeping_bag_red":5,"quark:jungle_chest":16,"minecraft:cooked_chicken":36,"minecraft:torch":232,"minecraft:dirt":68,"minecraft:spruce_stairs":1,"minecraft:chipped_anvil":1,"minecraft:iron_axe":7,"tombstone:gift":4,"minecraft:cooked_beef":7,"minecraft:cobbled_deepslate":76,"minecraft:water_bucket":90,"minecraft:snow_block":468,"minecraft:baked_potato":5,"quark:abacus":21,"minecraft:crafting_table":1,"minecraft:magenta_bed":7,"minecraft:white_bed":1,"minecraft:iron_pickaxe":481,"minecraft:cobblestone":48,"minecraft:porkchop":2,"minecraft:cooked_porkchop":3,"minecraft:jungle_door":2,"minecraft:bucket":91,"quark:oak_chest":10,"minecraft:pumpkin_pie":7},"minecraft:custom":{"minecraft:interact_with_crafting_table":15,"minecraft:open_barrel":10,"minecraft:leave_game":25,"minecraft:time_since_death":31053,"minecraft:sprint_one_cm":496016,"minecraft:damage_blocked_by_shield":1710,"minecraft:drop":78,"minecraft:talked_to_villager":6,"minecraft:play_time":519604,"minecraft:deaths":5,"minecraft:jump":5826,"minecraft:walk_on_water_one_cm":44509,"minecraft:interact_with_furnace":38,"minecraft:traded_with_villager":1,"minecraft:sleep_in_bed":32,"minecraft:waystone_activated":3,"minecraft:open_enderchest":3,"minecraft:damage_dealt":47864,"minecraft:crouch_one_cm":23278,"tombstone:undead_killed":92,"tombstone:villager_killed":1,"minecraft:interact_with_smoker":1,"minecraft:mob_kills":461,"minecraft:interact_with_anvil":2,"minecraft:damage_dealt_resisted":340,"minecraft:walk_one_cm":1492340,"minecraft:damage_dealt_absorbed":99,"minecraft:sneak_time":11129,"minecraft:walk_under_water_one_cm":79943,"minecraft:interact_with_blast_furnace":4,"minecraft:total_world_time":519604,"tombstone:raider_killed":13,"minecraft:raid_trigger":1,"minecraft:time_since_rest":14078,"minecraft:damage_taken":2147483647,"minecraft:swim_one_cm":82589,"minecraft:fly_one_cm":1313727,"minecraft:open_chest":484,"minecraft:fall_one_cm":138483},"minecraft:crafted":{"minecraft:oak_planks":4,"minecraft:cooked_chicken":13,"pokecube:metalcoat":1,"minecraft:bow":1,"minecraft:chest":1,"minecraft:cooked_rabbit":14,"minecraft:cooked_porkchop":7,"minecraft:jungle_pressure_plate":4,"minecraft:shield":1,"minecraft:stick":16,"quark:oak_chest":2,"minecraft:iron_ingot":18,"minecraft:iron_pickaxe":1,"minecraft:snow_block":30,"quark:jungle_chest":3,"minecraft:bone_meal":3,"minecraft:leather":3,"minecraft:cooked_beef":6,"minecraft:bucket":1,"minecraft:air":0,"minecraft:jungle_door":3},"minecraft:dropped":{"minecraft:iron_sword":2,"minecraft:baked_potato":5,"minecraft:crossbow":1,"minecraft:saddle":1,"minecraft:rail":2,"artifacts:night_vision_goggles":1,"tombstone:bag_of_seeds":1,"minecraft:pumpkin_pie":10,"minecraft:bone_meal":2,"minecraft:white_wool":2,"minecraft:cooked_chicken":4,"tombstone:gift":1,"minecraft:pointed_dripstone":2,"minecraft:rotten_flesh":19,"minecraft:glowstone_dust":1,"minecraft:rabbit_foot":1,"minecraft:rabbit_hide":3,"pokecube:nest":11,"pokecube:berry_cheri":1,"pokecube:pokemobegg":4,"pokecube:berry_lum":1,"quark:forgotten_hat":1,"comforts:sleeping_bag_white":1,"pokecube:pokecube":3,"minecraft:iron_ingot":2,"minecraft:wheat_seeds":9,"minecraft:dripstone_block":1,"minecraft:feather":4,"quark:abacus":1,"pokecube:berry_grepa":6,"quark:spruce_chest":1,"minecraft:granite":2,"minecraft:chainmail_helmet":1,"minecraft:torch":2,"minecraft:rabbit":1,"minecraft:jungle_door":1,"tombstone:grave_dust":1,"pokecube:metalcoat":1,"minecraft:iron_axe":1,"minecraft:chainmail_leggings":1,"hmag:evil_crystal_fragment":1,"minecraft:redstone":1,"minecraft:smooth_stone_slab":12,"pokecube:berry_qualot":11,"minecraft:iron_boots":2,"pokecube:berry_chesto":6,"minecraft:iron_chestplate":1,"minecraft:spider_eye":1,"minecraft:cooked_rabbit":4,"pokecube:berry_oran":2},"minecraft:broken":{"minecraft:iron_sword":2,"minecraft:iron_pickaxe":2,"minecraft:golden_pickaxe":1},"minecraft:killed_by":{"minecraft:vindicator":3,"minecraft:zombie":1,"pokecube:jynx":1},"minecraft:picked_up":{"minecraft:iron_chestplate":1,"pokecube:berry_lum":1,"minecraft:light_blue_concrete":1,"minecraft:chainmail_boots":1,"minecraft:creeper_head":1,"pokecube:berry_qualot":84,"minecraft:lead":1,"minecraft:enchanted_book":2,"minecraft:amethyst_block":3,"minecraft:string":41,"minecraft:raw_copper":4,"minecraft:smooth_stone_slab":12,"minecraft:cobbled_deepslate":191,"minecraft:gold_nugget":7,"comforts:sleeping_bag_white":1,"minecraft:calcite":5,"minecraft:furnace":1,"minecraft:iron_boots":2,"minecraft:torch":14,"minecraft:porkchop":6,"minecraft:pointed_dripstone":2,"tombstone:grave_dust":5,"pokecube:berry_grepa":43,"minecraft:rabbit_foot":6,"pokecube:berry_oran":2,"minecraft:rotten_flesh":66,"quark:violet_corundum_cluster":6,"minecraft:blaze_rod":17,"minecraft:snowball":127,"minecraft:cobblestone":297,"minecraft:magma_block":3,"minecraft:feather":17,"minecraft:andesite":10,"minecraft:jungle_log":32,"minecraft:potato":11,"minecraft:flint":1,"minecraft:magenta_bed":3,"minecraft:lapis_lazuli":234,"minecraft:dirt":7,"minecraft:name_tag":1,"hmag:evil_crystal_fragment":6,"pokecube:berry_jaboca":105,"minecraft:bone":39,"minecraft:bow":1,"minecraft:wheat_seeds":10,"minecraft:raw_gold":59,"pokecube:berry_leppa":17,"minecraft:rabbit":46,"minecraft:glowstone_dust":2,"minecraft:oak_planks":45,"pokecube_legends:ruby":9,"hmag:necrofiber":2,"hmag:soul_powder":8,"minecraft:jungle_planks":33,"pokecube:berry_rawst":38,"minecraft:grass_block":1,"pokecube:berry_cheri":3,"tombstone:familiar_stone":1,"minecraft:diamond":8,"pokecube:berry_chesto":6,"minecraft:crossbow":1,"minecraft:granite":11,"minecraft:white_concrete":4,"minecraft:emerald":2,"minecraft:chainmail_helmet":3,"minecraft:bread":5,"minecraft:nether_star":1,"artifacts:night_vision_goggles":1,"minecraft:chicken":21,"minecraft:brown_mushroom":6,"minecraft:packed_ice":1,"minecraft:iron_axe":1,"quark:spruce_chest":2,"minecraft:beef":17,"pokecube:pokecube":6,"minecraft:dark_oak_sapling":1,"minecraft:raw_iron":104,"minecraft:stone":10,"quark:violet_corundum":5,"artifacts:charm_of_sinking":1,"pokecube_legends:sapphire":8,"artifacts:vampiric_glove":1,"minecraft:carrot":1,"minecraft:redstone":107,"minecraft:arrow":34,"comforts:sleeping_bag_red":5,"minecraft:saddle":3,"minecraft:rail":2,"minecraft:white_wool":9,"minecraft:leather":12,"minecraft:red_mushroom":4,"minecraft:ice":20,"minecraft:gunpowder":8,"minecraft:white_banner":1,"quark:forgotten_hat":1,"minecraft:stone_bricks":64,"minecraft:rabbit_hide":48,"minecraft:iron_ingot":2,"quark:glow_shroom":10,"minecraft:cooked_chicken":17,"minecraft:cobweb":6,"tombstone:bag_of_seeds":1,"minecraft:iron_sword":4,"minecraft:smooth_basalt":2,"minecraft:dripstone_block":3,"minecraft:gravel":5,"minecraft:amethyst_shard":28,"artifacts:scarf_of_invisibility":1,"quark:blue_corundum_cluster":4,"quark:abacus":1,"minecraft:spider_eye":8,"minecraft:light_blue_concrete_powder":1,"minecraft:chainmail_leggings":1,"minecraft:scute":10,"pokecube:nest":11,"tombstone:magic_scroll":1,"quark:blue_corundum":1,"minecraft:coal":63,"minecraft:ender_pearl":24}},"DataVersion":2975}