{"stats":{"minecraft:crafted":{"minecraft:oak_planks":4,"minecraft:cooked_chicken":13,"pokecube:metalcoat":1,"sophisticatedbackpacks:magnet_upgrade":1,"minecraft:stone":392,"minecraft:cooked_mutton":2,"minecraft:stone_brick_slab":6,"minecraft:bow":1,"minecraft:chest":1,"minecraft:stone_bricks":332,"minecraft:cooked_rabbit":14,"minecraft:cooked_porkchop":7,"minecraft:jungle_pressure_plate":4,"minecraft:sticky_piston":2,"sophisticatedbackpacks:upgrade_base":1,"sophisticatedbackpacks:refill_upgrade":1,"minecraft:stone_brick_stairs":24,"minecraft:shield":1,"minecraft:stick":24,"quark:oak_chest":2,"minecraft:iron_ingot":18,"minecraft:iron_pickaxe":1,"minecraft:snow_block":82,"minecraft:packed_ice":2,"minecraft:coal":81,"sophisticatedbackpacks:advanced_refill_upgrade":1,"quark:jungle_chest":3,"minecraft:piston":2,"minecraft:bone_meal":3,"minecraft:leather":10,"minecraft:cooked_beef":6,"minecraft:iron_sword":1,"minecraft:bucket":1,"minecraft:air":0,"sophisticatedbackpacks:pickup_upgrade":2,"minecraft:jungle_door":3,"minecraft:lapis_lazuli":9},"minecraft:used":{"minecraft:iron_shovel":126,"minecraft:spruce_slab":2,"minecraft:oak_sign":2,"minecraft:chest":3,"minecraft:shield":79,"minecraft:stone":10,"minecraft:iron_sword":870,"minecraft:bell":2,"minecraft:rotten_flesh":9,"minecraft:jungle_planks":144,"minecraft:snowball":1,"minecraft:stripped_spruce_log":276,"minecraft:villager_spawn_egg":1,"securitycraft:secret_sign_item":1,"quark:yellow_corundum_cluster":1,"minecraft:stone_brick_stairs":52,"minecraft:stone_bricks":854,"minecraft:snow":10,"minecraft:magma_block":2,"minecraft:bow":65,"minecraft:cooked_cod":6,"minecraft:furnace":6,"minecraft:dark_oak_sapling":17,"minecraft:oak_planks":108,"pokecube:pokemobegg":2,"minecraft:jungle_pressure_plate":4,"minecraft:chainmail_helmet":1,"minecraft:diamond_axe":24,"minecraft:white_wool":16,"waystones:waystone":5,"minecraft:bread":30,"minecraft:cooked_rabbit":36,"minecraft:smooth_stone_slab":89,"minecraft:golden_pickaxe":32,"minecraft:bone_meal":7,"minecraft:oak_fence":6,"comforts:sleeping_bag_red":6,"quark:jungle_chest":16,"minecraft:cooked_chicken":37,"minecraft:torch":295,"minecraft:dirt":261,"minecraft:spruce_stairs":1,"minecraft:stone_brick_slab":3,"pokecube:berryjuice":1,"minecraft:chipped_anvil":1,"minecraft:iron_axe":7,"tombstone:gift":6,"minecraft:cooked_beef":18,"minecraft:powder_snow_bucket":2,"minecraft:cobbled_deepslate":76,"minecraft:cooked_mutton":11,"minecraft:water_bucket":168,"minecraft:snow_block":549,"minecraft:baked_potato":5,"quark:abacus":21,"minecraft:crafting_table":1,"minecraft:magenta_bed":7,"minecraft:white_bed":1,"minecraft:spruce_log":1,"minecraft:iron_pickaxe":670,"minecraft:yellow_wool":1,"minecraft:cobblestone":445,"minecraft:porkchop":2,"minecraft:cooked_porkchop":7,"quark:oak_chest":10,"minecraft:jungle_door":2,"minecraft:bucket":172,"minecraft:pumpkin_pie":8},"minecraft:mined":{"minecraft:light_blue_concrete":1,"pokecube_legends:deepslate_sapphire_ore":11,"minecraft:granite":10,"minecraft:grass_block":62,"minecraft:white_concrete":4,"minecraft:spawner":2,"minecraft:magma_block":3,"minecraft:iron_ore":49,"minecraft:fire":8,"minecraft:deepslate_lapis_ore":27,"minecraft:dirt_path":5,"quark:violet_corundum":5,"minecraft:deepslate_redstone_ore":16,"minecraft:amethyst_cluster":7,"minecraft:powder_snow":3,"minecraft:torch":10,"minecraft:calcite":5,"quark:blue_corundum_cluster":1,"minecraft:cobblestone":18,"minecraft:oak_planks":3,"minecraft:wall_torch":5,"minecraft:amethyst_block":3,"minecraft:magenta_bed":2,"quark:glow_shroom":10,"minecraft:grass":78,"pokecube:crop_jaboca":1,"minecraft:dark_oak_sapling":1,"pokecube:fruit_leppa":1,"minecraft:dirt":25,"minecraft:smooth_basalt":2,"minecraft:oak_leaves":1,"minecraft:deepslate":94,"minecraft:redstone_lamp":1,"minecraft:tuff":5,"minecraft:deepslate_diamond_ore":8,"minecraft:redstone_ore":3,"minecraft:furnace":5,"minecraft:light_blue_concrete_powder":1,"minecraft:snow":7,"minecraft:andesite":10,"minecraft:bell":1,"minecraft:deepslate_iron_ore":75,"minecraft:stone":53,"pokecube_legends:ruby_ore":2,"quark:blue_corundum":1,"minecraft:snow_block":42,"minecraft:oak_fence":12,"minecraft:tall_grass":44,"pokecube:nest":11,"minecraft:lapis_ore":7,"minecraft:deepslate_gold_ore":58,"minecraft:cobblestone_wall":4,"minecraft:coal_ore":126,"minecraft:dripstone_block":3,"minecraft:cobweb":23,"pokecube_legends:deepslate_ruby_ore":7,"minecraft:stone_bricks":53,"minecraft:gold_ore":2},"minecraft:picked_up":{"minecraft:iron_chestplate":1,"pokecube:berry_lum":1,"minecraft:light_blue_concrete":1,"minecraft:chainmail_boots":1,"minecraft:creeper_head":1,"minecraft:yellow_wool":5,"pokecube:berry_qualot":111,"minecraft:lead":1,"minecraft:enchanted_book":2,"minecraft:amethyst_block":3,"minecraft:string":41,"minecraft:raw_copper":4,"minecraft:smooth_stone_slab":12,"minecraft:pufferfish":1,"minecraft:cobbled_deepslate":198,"minecraft:gold_nugget":7,"comforts:sleeping_bag_white":1,"minecraft:calcite":5,"minecraft:furnace":1,"minecraft:iron_boots":2,"minecraft:stick":1,"minecraft:torch":17,"minecraft:porkchop":6,"minecraft:pointed_dripstone":2,"tombstone:grave_dust":7,"pokecube:berry_grepa":58,"minecraft:rabbit_foot":10,"pokecube:berry_oran":2,"minecraft:rotten_flesh":79,"quark:violet_corundum_cluster":6,"minecraft:blaze_rod":17,"minecraft:snowball":138,"minecraft:cobblestone":422,"minecraft:magma_block":3,"pokecube:berryjuice":1,"minecraft:feather":42,"minecraft:cooked_beef":2,"minecraft:andesite":10,"minecraft:jungle_log":32,"minecraft:potato":11,"minecraft:flint":1,"minecraft:tuff":5,"minecraft:magenta_bed":3,"minecraft:lapis_lazuli":234,"minecraft:dirt":15,"minecraft:name_tag":1,"hmag:evil_crystal_fragment":6,"pokecube:berry_jaboca":137,"minecraft:bone":43,"minecraft:bow":1,"minecraft:wheat_seeds":15,"minecraft:raw_gold":59,"pokecube:berry_leppa":24,"minecraft:rabbit":62,"minecraft:glowstone_dust":4,"minecraft:oak_planks":52,"pokecube_legends:ruby":9,"hmag:necrofiber":2,"hmag:soul_powder":8,"minecraft:jungle_planks":33,"pokecube:berry_rawst":49,"minecraft:grass_block":1,"minecraft:bundle":2,"pokecube:berry_cheri":41,"tombstone:familiar_stone":2,"minecraft:diamond":8,"pokecube:berry_chesto":6,"minecraft:crossbow":1,"minecraft:granite":11,"minecraft:white_concrete":4,"minecraft:chainmail_helmet":3,"minecraft:emerald":2,"minecraft:bread":5,"minecraft:nether_star":1,"artifacts:night_vision_goggles":1,"minecraft:chicken":45,"minecraft:brown_mushroom":6,"minecraft:packed_ice":5,"minecraft:iron_axe":1,"quark:spruce_chest":2,"minecraft:beef":18,"pokecube:pokecube":6,"minecraft:dark_oak_sapling":1,"minecraft:raw_iron":125,"minecraft:stone":10,"quark:violet_corundum":5,"artifacts:charm_of_sinking":1,"pokecube_legends:sapphire":11,"artifacts:vampiric_glove":1,"minecraft:carrot":1,"minecraft:redstone":111,"minecraft:arrow":34,"comforts:sleeping_bag_red":5,"minecraft:saddle":3,"minecraft:mutton":11,"minecraft:rail":2,"minecraft:white_wool":14,"minecraft:salmon":1,"minecraft:leather":13,"minecraft:red_mushroom":4,"minecraft:ice":37,"pokecube:mega_belt":1,"minecraft:gunpowder":8,"minecraft:white_banner":1,"quark:forgotten_hat":1,"pokecube:berry_aspear":1,"minecraft:stone_bricks":64,"minecraft:rabbit_hide":55,"minecraft:iron_ingot":2,"quark:glow_shroom":10,"minecraft:cooked_chicken":17,"minecraft:cobweb":6,"tombstone:bag_of_seeds":1,"minecraft:iron_sword":5,"minecraft:smooth_basalt":2,"minecraft:dripstone_block":12,"minecraft:gravel":5,"minecraft:amethyst_shard":28,"artifacts:scarf_of_invisibility":1,"quark:blue_corundum_cluster":4,"quark:abacus":1,"minecraft:spider_eye":9,"minecraft:light_blue_concrete_powder":1,"minecraft:slime_ball":8,"minecraft:chainmail_leggings":1,"minecraft:scute":13,"pokecube:nest":11,"tombstone:magic_scroll":1,"quark:blue_corundum":1,"minecraft:coal":127,"minecraft:ender_pearl":30},"minecraft:custom":{"minecraft:interact_with_crafting_table":22,"minecraft:open_barrel":10,"minecraft:leave_game":37,"minecraft:time_since_death":20566,"minecraft:sprint_one_cm":799551,"minecraft:damage_blocked_by_shield":1853,"minecraft:drop":170,"minecraft:talked_to_villager":22,"minecraft:play_time":890609,"minecraft:deaths":10,"minecraft:jump":9513,"minecraft:walk_on_water_one_cm":56398,"minecraft:interact_with_furnace":73,"minecraft:traded_with_villager":3,"minecraft:sleep_in_bed":52,"minecraft:waystone_activated":8,"minecraft:open_enderchest":3,"minecraft:damage_dealt":64548,"minecraft:player_kills":2,"minecraft:crouch_one_cm":45319,"tombstone:undead_killed":120,"tombstone:villager_killed":4,"minecraft:interact_with_smoker":1,"minecraft:interact_with_anvil":3,"minecraft:mob_kills":1066,"minecraft:damage_dealt_resisted":2063,"minecraft:climb_one_cm":140,"minecraft:walk_one_cm":2737237,"minecraft:damage_dealt_absorbed":238,"minecraft:sneak_time":18137,"minecraft:walk_under_water_one_cm":85422,"minecraft:interact_with_blast_furnace":4,"minecraft:total_world_time":890609,"tombstone:raider_killed":19,"minecraft:raid_trigger":1,"minecraft:time_since_rest":20802,"minecraft:damage_taken":2147483647,"minecraft:swim_one_cm":82589,"minecraft:fly_one_cm":1866575,"minecraft:open_chest":654,"minecraft:fall_one_cm":216980},"minecraft:killed_by":{"minecraft:vindicator":3,"minecraft:zombie":2,"pokecube:jynx":1,"minecraft:player":1},"minecraft:broken":{"minecraft:iron_chestplate":1,"minecraft:iron_sword":2,"minecraft:iron_pickaxe":2,"minecraft:golden_pickaxe":1},"minecraft:killed":{"pokecube:geodude":213,"hmag:necrotic_reaper":2,"minecraft:cave_spider":9,"pokecube:blitzle":1,"pokecube:torkoal":29,"pokecube:nidoran-f":2,"minecraft:spider":15,"pokecube:mr-mime-galar":10,"pokecube:swinub":4,"pokecube:pawmi":17,"quark:forgotten":1,"minecraft:skeleton":30,"pokecube:bouffalant":1,"pokecube:venipede":2,"pokecube:zigzagoon":1,"quark:shiba":2,"pokecube:indeedee-male":2,"pokecube:furfrou":1,"minecraft:silverfish":1,"pokecube:pidgey":20,"pokecube:gossifleur":8,"artifacts:mimic":2,"pokecube:chimecho":1,"pokecube:sentret":3,"hmag:harpy":1,"pokecube:growlithe":1,"pokecube:tynamo":3,"pokecube:sneasel":3,"pokecube:buneary":1,"pokecube:bergmite":7,"minecraft:creeper":8,"pokecube:rockruff":2,"pokecube:miltank":5,"pokecube:raikou":1,"minecraft:trader_llama":4,"minecraft:pillager":8,"pokecube:jynx":6,"pokecube:oddish":1,"minecraft:zombie":59,"pokecube:vullaby":23,"pokecube:sawk":1,"pokecube:natu":1,"pokecube:skitty":1,"pokecube:nickit":1,"pokecube:growlithe-hisui":4,"pokecube:scyther":1,"pokecube:koffing":2,"pokecube:chingling":19,"pokecube:magmar":3,"pokecube:ducklett":1,"pokecube:zubat":4,"pokecube:shuckle":3,"pokecube:spearow":6,"pokecube:onix":1,"pokecube:bidoof":5,"pokecube:roggenrola":161,"pokecube:snover":24,"pokecube:rolycoly":2,"pokecube:wooloo":17,"pokecube:absol":1,"hmag:creeper_girl":1,"minecraft:vindicator":1,"pokecube:plusle":5,"pokecube:sunkern":4,"hmag:skeleton_girl":3,"pokecube:maschiff":1,"pokecube:foongus":3,"pokecube:vulpix":26,"pokecube:exeggcute":3,"hmag:zombie_girl":11,"pokecube:skorupi":1,"minecraft:drowned":2,"pokecube:minun":17,"pokecube:tandemaus":4,"pokecube:rattata":1,"pokecube:taillow":5,"pokecube:cutiefly":8,"pokecube:patrat":6,"pokecube:girafarig":3,"pokecube:mareep":7,"hmag:ghost":12,"pokecube:spinda":4,"pokecube:electrike":9,"pokecube:yamask-galar":7,"pokecube:tarountula":1,"pokecube:pumpkaboo-average":2,"pokecube:hatterene":4,"pokecube:snom":5,"pokecube:scatterbug":1,"pokecube:stonjourner":2,"pokecube:gastly":5,"pokecube:vulpix-alola":12,"pokecube:darumaka-galar":10,"minecraft:wandering_trader":1,"pokecube:yungoos":11,"pokecube:npc":1,"minecraft:ravager":1,"pokecube:snorunt":18,"pokecube:roselia":1,"pokecube:larvitar":1,"pokecube:tinkatink":1,"hmag:kobold":1,"pokecube:poochyena":1,"pokecube:squawkabilly":1,"pokecube:farfetchd-galar":3,"pokecube:paras":2,"pokecube:hoppip":4,"pokecube:starly":21,"pokecube:numel":6,"pokecube:fletchling":2,"pokecube:diglett":3,"pokecube:oricorio-baile":4,"pokecube:grookey":1,"pokecube_adventures:trainer":2,"minecraft:enderman":1,"pokecube:geodude-alola":1},"minecraft:dropped":{"minecraft:iron_sword":3,"minecraft:cooked_beef":2,"minecraft:baked_potato":5,"minecraft:crossbow":1,"pokecube:mega_belt":1,"minecraft:leather":1,"minecraft:saddle":1,"minecraft:rail":2,"minecraft:emerald":1,"artifacts:night_vision_goggles":1,"minecraft:dirt":435,"tombstone:bag_of_seeds":1,"minecraft:snowball":1,"minecraft:pumpkin_pie":10,"minecraft:bone_meal":2,"minecraft:iron_pickaxe":1,"minecraft:white_wool":2,"minecraft:cooked_chicken":4,"minecraft:cobbled_deepslate":223,"tombstone:gift":1,"minecraft:pointed_dripstone":2,"minecraft:rotten_flesh":21,"minecraft:glowstone_dust":1,"minecraft:rabbit_foot":1,"minecraft:rabbit_hide":3,"pokecube:nest":11,"pokecube:berry_cheri":1,"pokecube:pokemobegg":5,"pokecube:berry_lum":1,"quark:forgotten_hat":1,"comforts:sleeping_bag_white":2,"pokecube:pokecube":3,"minecraft:stone_brick_stairs":4,"minecraft:iron_ingot":2,"minecraft:stripped_spruce_log":128,"minecraft:wheat_seeds":13,"minecraft:dripstone_block":1,"pokecube:berry_rawst":11,"minecraft:feather":7,"minecraft:cobblestone":1459,"quark:abacus":1,"pokecube:berry_grepa":7,"quark:spruce_chest":1,"minecraft:granite":2,"minecraft:chainmail_helmet":1,"minecraft:stick":2,"minecraft:torch":2,"minecraft:rabbit":11,"minecraft:jungle_door":1,"tombstone:grave_dust":1,"pokecube:metalcoat":1,"minecraft:iron_axe":1,"minecraft:smooth_stone":11,"artifacts:feral_claws":1,"minecraft:chainmail_leggings":1,"hmag:evil_crystal_fragment":1,"minecraft:redstone":1,"minecraft:smooth_stone_slab":12,"pokecube:berry_qualot":14,"minecraft:chicken":2,"minecraft:iron_boots":2,"pokecube:berry_chesto":6,"minecraft:stone":52,"minecraft:bundle":2,"minecraft:iron_chestplate":1,"minecraft:oak_sapling":2,"minecraft:stone_bricks":209,"minecraft:spider_eye":1,"minecraft:magma_block":1,"minecraft:cooked_rabbit":4,"pokecube:berry_oran":2,"pokecube:berry_jaboca":21}},"DataVersion":2975}