{"stats":{"minecraft:mined":{"minecraft:deepslate_diamond_ore":8,"minecraft:light_blue_concrete":1,"pokecube_legends:deepslate_sapphire_ore":8,"minecraft:granite":10,"minecraft:white_concrete":4,"minecraft:spawner":2,"minecraft:redstone_ore":3,"minecraft:magma_block":3,"minecraft:furnace":1,"minecraft:iron_ore":40,"minecraft:light_blue_concrete_powder":1,"minecraft:snow":1,"minecraft:andesite":10,"minecraft:deepslate_lapis_ore":27,"minecraft:deepslate_iron_ore":63,"pokecube_legends:ruby_ore":2,"minecraft:stone":45,"quark:violet_corundum":5,"minecraft:deepslate_redstone_ore":16,"quark:blue_corundum":1,"minecraft:snow_block":24,"minecraft:amethyst_cluster":7,"minecraft:torch":7,"minecraft:calcite":5,"quark:blue_corundum_cluster":1,"pokecube:nest":11,"minecraft:tall_grass":4,"minecraft:cobblestone":4,"minecraft:deepslate_gold_ore":58,"minecraft:lapis_ore":7,"minecraft:oak_planks":3,"minecraft:wall_torch":2,"minecraft:amethyst_block":3,"minecraft:magenta_bed":2,"quark:glow_shroom":10,"minecraft:grass":22,"minecraft:coal_ore":59,"minecraft:dark_oak_sapling":1,"minecraft:dripstone_block":3,"minecraft:dirt":4,"minecraft:cobweb":23,"minecraft:smooth_basalt":2,"pokecube_legends:deepslate_ruby_ore":7,"minecraft:gold_ore":2,"minecraft:deepslate":88},"minecraft:used":{"minecraft:iron_shovel":25,"minecraft:spruce_slab":2,"minecraft:oak_sign":2,"comforts:sleeping_bag_red":3,"quark:jungle_chest":16,"minecraft:chest":3,"minecraft:shield":61,"minecraft:iron_sword":610,"minecraft:stone":10,"minecraft:cooked_chicken":30,"minecraft:rotten_flesh":9,"minecraft:torch":232,"minecraft:dirt":68,"minecraft:jungle_planks":144,"minecraft:spruce_stairs":1,"minecraft:chipped_anvil":1,"quark:yellow_corundum_cluster":1,"minecraft:iron_axe":7,"securitycraft:secret_sign_item":1,"minecraft:stone_brick_stairs":1,"minecraft:snow":7,"minecraft:magma_block":2,"minecraft:bow":24,"minecraft:furnace":6,"tombstone:gift":3,"minecraft:cooked_beef":6,"minecraft:cobbled_deepslate":76,"minecraft:dark_oak_sapling":1,"minecraft:water_bucket":81,"minecraft:snow_block":468,"minecraft:baked_potato":5,"minecraft:oak_planks":106,"pokecube:pokemobegg":2,"quark:abacus":21,"minecraft:jungle_pressure_plate":4,"minecraft:chainmail_helmet":1,"minecraft:diamond_axe":6,"minecraft:white_wool":11,"minecraft:magenta_bed":7,"minecraft:crafting_table":1,"minecraft:white_bed":1,"waystones:waystone":3,"minecraft:iron_pickaxe":479,"minecraft:bread":21,"minecraft:cooked_rabbit":20,"minecraft:porkchop":2,"minecraft:cobblestone":46,"minecraft:bucket":82,"minecraft:cooked_porkchop":3,"minecraft:jungle_door":2,"quark:oak_chest":10,"minecraft:smooth_stone_slab":41,"minecraft:golden_pickaxe":32,"minecraft:bone_meal":1},"minecraft:picked_up":{"minecraft:iron_chestplate":1,"pokecube:berry_lum":1,"minecraft:light_blue_concrete":1,"minecraft:chainmail_boots":1,"artifacts:night_vision_goggles":1,"minecraft:chicken":19,"minecraft:creeper_head":1,"minecraft:lead":1,"pokecube:berry_qualot":79,"minecraft:packed_ice":1,"minecraft:brown_mushroom":6,"minecraft:enchanted_book":2,"minecraft:amethyst_block":3,"minecraft:raw_copper":4,"minecraft:string":41,"minecraft:iron_axe":1,"minecraft:smooth_stone_slab":12,"quark:spruce_chest":2,"minecraft:gold_nugget":7,"minecraft:cobbled_deepslate":191,"comforts:sleeping_bag_white":1,"minecraft:beef":17,"pokecube:pokecube":5,"minecraft:calcite":5,"minecraft:iron_boots":2,"minecraft:furnace":1,"minecraft:dark_oak_sapling":1,"minecraft:raw_iron":104,"minecraft:stone":10,"quark:violet_corundum":5,"artifacts:charm_of_sinking":1,"minecraft:torch":14,"pokecube_legends:sapphire":8,"minecraft:porkchop":6,"artifacts:vampiric_glove":1,"tombstone:grave_dust":5,"minecraft:pointed_dripstone":2,"minecraft:carrot":1,"minecraft:redstone":96,"pokecube:berry_grepa":7,"minecraft:rabbit_foot":2,"pokecube:berry_oran":2,"minecraft:arrow":34,"minecraft:rotten_flesh":60,"quark:violet_corundum_cluster":6,"comforts:sleeping_bag_red":3,"minecraft:saddle":2,"minecraft:blaze_rod":5,"minecraft:snowball":127,"minecraft:rail":2,"minecraft:white_wool":5,"minecraft:cobblestone":267,"minecraft:magma_block":3,"minecraft:feather":15,"minecraft:jungle_log":32,"minecraft:andesite":10,"minecraft:leather":12,"minecraft:red_mushroom":4,"minecraft:potato":11,"minecraft:ice":19,"minecraft:flint":1,"minecraft:magenta_bed":3,"minecraft:gunpowder":8,"minecraft:lapis_lazuli":234,"minecraft:dirt":7,"minecraft:white_banner":1,"quark:forgotten_hat":1,"minecraft:name_tag":1,"hmag:evil_crystal_fragment":6,"pokecube:berry_jaboca":86,"minecraft:bone":34,"minecraft:stone_bricks":64,"minecraft:bow":1,"minecraft:wheat_seeds":7,"minecraft:raw_gold":59,"minecraft:rabbit_hide":19,"quark:glow_shroom":10,"minecraft:cooked_chicken":17,"minecraft:cobweb":6,"tombstone:bag_of_seeds":1,"pokecube:berry_leppa":7,"minecraft:rabbit":15,"minecraft:glowstone_dust":1,"minecraft:oak_planks":45,"minecraft:iron_sword":4,"minecraft:smooth_basalt":2,"pokecube_legends:ruby":9,"hmag:necrofiber":2,"hmag:soul_powder":8,"minecraft:dripstone_block":3,"minecraft:gravel":5,"minecraft:jungle_planks":33,"minecraft:amethyst_shard":28,"pokecube:berry_rawst":34,"minecraft:grass_block":1,"minecraft:spider_eye":8,"artifacts:scarf_of_invisibility":1,"quark:blue_corundum_cluster":4,"quark:abacus":1,"minecraft:light_blue_concrete_powder":1,"pokecube:berry_cheri":1,"tombstone:familiar_stone":1,"minecraft:diamond":8,"pokecube:berry_chesto":6,"minecraft:chainmail_leggings":1,"minecraft:scute":10,"minecraft:crossbow":1,"minecraft:granite":11,"pokecube:nest":11,"minecraft:white_concrete":4,"minecraft:bread":5,"minecraft:chainmail_helmet":3,"minecraft:emerald":2,"tombstone:magic_scroll":1,"quark:blue_corundum":1,"minecraft:coal":63,"minecraft:ender_pearl":22},"minecraft:killed_by":{"minecraft:vindicator":2,"minecraft:zombie":1,"pokecube:jynx":1},"minecraft:broken":{"minecraft:iron_sword":2,"minecraft:iron_pickaxe":2,"minecraft:golden_pickaxe":1},"minecraft:crafted":{"minecraft:oak_planks":4,"minecraft:cooked_chicken":13,"quark:jungle_chest":3,"pokecube:metalcoat":1,"minecraft:bone_meal":3,"minecraft:bow":1,"minecraft:chest":1,"minecraft:cooked_rabbit":14,"minecraft:cooked_beef":6,"minecraft:cooked_porkchop":7,"minecraft:jungle_pressure_plate":4,"minecraft:bucket":1,"minecraft:air":0,"minecraft:jungle_door":3,"minecraft:shield":1,"minecraft:stick":16,"quark:oak_chest":2,"minecraft:iron_ingot":18,"minecraft:iron_pickaxe":1,"minecraft:snow_block":30},"minecraft:dropped":{"minecraft:iron_ingot":2,"minecraft:iron_sword":2,"minecraft:wheat_seeds":7,"minecraft:baked_potato":5,"minecraft:dripstone_block":1,"minecraft:feather":4,"quark:abacus":1,"quark:spruce_chest":1,"minecraft:granite":2,"minecraft:chainmail_helmet":1,"minecraft:rail":2,"artifacts:night_vision_goggles":1,"tombstone:bag_of_seeds":1,"minecraft:torch":2,"minecraft:jungle_door":1,"tombstone:grave_dust":1,"minecraft:bone_meal":2,"minecraft:iron_axe":1,"minecraft:chainmail_leggings":1,"minecraft:white_wool":1,"hmag:evil_crystal_fragment":1,"minecraft:smooth_stone_slab":12,"pokecube:berry_qualot":6,"tombstone:gift":1,"minecraft:pointed_dripstone":2,"minecraft:rotten_flesh":19,"minecraft:iron_boots":2,"minecraft:rabbit_hide":3,"pokecube:nest":11,"pokecube:pokemobegg":4,"pokecube:berry_lum":1,"minecraft:iron_chestplate":1,"quark:forgotten_hat":1,"minecraft:spider_eye":1,"comforts:sleeping_bag_white":1,"pokecube:pokecube":3,"pokecube:berry_oran":2},"minecraft:killed":{"pokecube:geodude":65,"hmag:necrotic_reaper":2,"minecraft:cave_spider":9,"pokecube:bidoof":1,"pokecube:roggenrola":47,"pokecube:snover":7,"pokecube:rolycoly":2,"pokecube:wooloo":6,"pokecube:torkoal":11,"hmag:creeper_girl":1,"minecraft:vindicator":1,"minecraft:spider":11,"pokecube:mr-mime-galar":2,"pokecube:plusle":4,"hmag:skeleton_girl":2,"pokecube:swinub":4,"pokecube:foongus":1,"pokecube:pawmi":8,"quark:forgotten":1,"pokecube:vulpix":6,"minecraft:skeleton":21,"pokecube:exeggcute":1,"hmag:zombie_girl":11,"quark:shiba":1,"minecraft:silverfish":1,"pokecube:pidgey":1,"pokecube:gossifleur":1,"minecraft:drowned":2,"pokecube:taillow":3,"pokecube:cutiefly":1,"artifacts:mimic":2,"pokecube:chimecho":1,"pokecube:growlithe":1,"hmag:ghost":8,"pokecube:yamask-galar":4,"pokecube:snom":1,"pokecube:scatterbug":1,"pokecube:bergmite":3,"pokecube:vulpix-alola":3,"pokecube:darumaka-galar":3,"minecraft:wandering_trader":1,"pokecube:yungoos":2,"pokecube:snorunt":1,"minecraft:creeper":4,"pokecube:larvitar":1,"hmag:kobold":1,"pokecube:miltank":5,"minecraft:trader_llama":2,"minecraft:pillager":5,"pokecube:poochyena":1,"minecraft:zombie":44,"pokecube:vullaby":8,"pokecube:paras":2,"pokecube:nickit":1,"pokecube:starly":8,"pokecube:growlithe-hisui":4,"pokecube:diglett":2,"pokecube:fletchling":1,"pokecube:numel":3,"pokecube:oricorio-baile":3,"pokecube:scyther":1,"pokecube:chingling":11,"minecraft:enderman":1,"pokecube:geodude-alola":1,"pokecube:ducklett":1},"minecraft:custom":{"minecraft:interact_with_anvil":2,"minecraft:mob_kills":389,"minecraft:interact_with_crafting_table":13,"minecraft:open_barrel":10,"minecraft:damage_dealt_resisted":340,"minecraft:leave_game":24,"minecraft:time_since_death":17181,"minecraft:sprint_one_cm":442721,"minecraft:walk_one_cm":1339831,"minecraft:damage_blocked_by_shield":1710,"minecraft:drop":58,"minecraft:damage_dealt_absorbed":99,"minecraft:talked_to_villager":6,"minecraft:play_time":461775,"minecraft:sneak_time":10164,"minecraft:deaths":4,"minecraft:walk_under_water_one_cm":79943,"minecraft:jump":5156,"minecraft:interact_with_blast_furnace":4,"minecraft:walk_on_water_one_cm":43701,"minecraft:total_world_time":461775,"minecraft:interact_with_furnace":34,"tombstone:raider_killed":9,"minecraft:traded_with_villager":1,"minecraft:raid_trigger":1,"minecraft:sleep_in_bed":29,"minecraft:time_since_rest":9778,"minecraft:waystone_activated":3,"minecraft:damage_taken":2147483647,"minecraft:open_enderchest":3,"minecraft:damage_dealt":45675,"minecraft:swim_one_cm":82589,"minecraft:fly_one_cm":1227562,"minecraft:open_chest":466,"minecraft:crouch_one_cm":20865,"tombstone:undead_killed":91,"tombstone:villager_killed":1,"minecraft:interact_with_smoker":1,"minecraft:fall_one_cm":117237}},"DataVersion":2975}