{"stats":{"minecraft:killed_by":{"minecraft:zombie":1},"minecraft:crafted":{"minecraft:oak_planks":4,"minecraft:cooked_porkchop":3,"minecraft:cooked_chicken":2,"minecraft:bone_meal":3,"minecraft:air":0,"minecraft:bow":1,"minecraft:cooked_rabbit":9},"minecraft:mined":{"minecraft:deepslate_redstone_ore":2,"minecraft:granite":2,"minecraft:lapis_ore":1,"minecraft:deepslate_gold_ore":6,"minecraft:wall_torch":1,"minecraft:iron_ore":1,"minecraft:deepslate_lapis_ore":8,"minecraft:grass":8,"minecraft:coal_ore":25,"minecraft:deepslate_iron_ore":27,"minecraft:dark_oak_sapling":1,"pokecube_legends:deepslate_ruby_ore":3,"minecraft:stone":7,"minecraft:deepslate":24},"minecraft:killed":{"hmag:ghost":1,"minecraft:spider":2,"hmag:skeleton_girl":1,"minecraft:skeleton":2,"hmag:zombie_girl":2,"minecraft:zombie":5},"minecraft:used":{"minecraft:water_bucket":13,"minecraft:spruce_slab":2,"quark:abacus":3,"minecraft:oak_sign":2,"comforts:sleeping_bag_red":1,"quark:jungle_chest":14,"minecraft:shield":9,"minecraft:iron_sword":28,"minecraft:cooked_chicken":4,"minecraft:torch":33,"minecraft:dirt":13,"minecraft:magenta_bed":2,"minecraft:spruce_stairs":1,"minecraft:white_bed":1,"waystones:waystone":1,"securitycraft:secret_sign_item":1,"minecraft:iron_pickaxe":107,"minecraft:stone_brick_stairs":1,"minecraft:bow":1,"minecraft:furnace":1,"minecraft:cooked_porkchop":3,"minecraft:cooked_rabbit":3,"minecraft:bucket":13,"tombstone:gift":1,"quark:oak_chest":8,"minecraft:bone_meal":1,"minecraft:dark_oak_sapling":1},"minecraft:picked_up":{"minecraft:feather":1,"minecraft:chicken":1,"minecraft:leather":1,"minecraft:lapis_lazuli":67,"minecraft:smooth_stone_slab":12,"hmag:evil_crystal_fragment":2,"minecraft:bone":3,"minecraft:bow":1,"minecraft:rabbit_hide":1,"minecraft:cobbled_deepslate":24,"minecraft:raw_gold":6,"comforts:sleeping_bag_white":1,"minecraft:cooked_chicken":1,"pokecube:pokecube":1,"minecraft:dark_oak_sapling":1,"minecraft:raw_iron":30,"pokecube_legends:ruby":3,"hmag:soul_powder":2,"minecraft:torch":3,"tombstone:grave_dust":1,"minecraft:redstone":8,"quark:abacus":1,"minecraft:spider_eye":1,"minecraft:arrow":4,"pokecube:berry_cheri":1,"minecraft:rotten_flesh":8,"tombstone:familiar_stone":1,"comforts:sleeping_bag_red":1,"minecraft:granite":2,"tombstone:magic_scroll":1,"minecraft:coal":25,"minecraft:cobblestone":7},"minecraft:custom":{"minecraft:interact_with_furnace":8,"minecraft:mob_kills":13,"minecraft:leave_game":15,"minecraft:time_since_death":10414,"minecraft:sleep_in_bed":9,"minecraft:time_since_rest":10462,"minecraft:waystone_activated":1,"minecraft:sprint_one_cm":46774,"minecraft:open_enderchest":1,"minecraft:damage_taken":1029,"minecraft:walk_one_cm":259286,"minecraft:damage_blocked_by_shield":250,"minecraft:drop":10,"minecraft:damage_dealt":2245,"minecraft:talked_to_villager":1,"minecraft:fly_one_cm":135581,"minecraft:open_chest":203,"minecraft:crouch_one_cm":4102,"minecraft:play_time":101135,"tombstone:undead_killed":11,"minecraft:deaths":1,"minecraft:sneak_time":1863,"minecraft:walk_under_water_one_cm":26156,"minecraft:jump":614,"minecraft:interact_with_blast_furnace":2,"minecraft:walk_on_water_one_cm":15914,"minecraft:total_world_time":101135,"minecraft:fall_one_cm":15566},"minecraft:dropped":{"minecraft:iron_ingot":2,"minecraft:smooth_stone_slab":12,"minecraft:rotten_flesh":1,"quark:abacus":1,"minecraft:granite":2,"minecraft:torch":1,"comforts:sleeping_bag_white":1,"minecraft:bone_meal":2}},"DataVersion":2975}