{"stats":{"minecraft:mined":{"minecraft:white_bed":3,"minecraft:oak_sapling":1,"pokecube_legends:deepslate_sapphire_ore":3,"minecraft:granite":2,"minecraft:grass_block":353,"minecraft:deepslate_tile_stairs":7,"pokecube:crop_aspear":1,"pokecube:crop_rawst":3,"minecraft:spawner":1,"comforts:sleeping_bag_white":1,"minecraft:tall_seagrass":2,"minecraft:iron_ore":25,"minecraft:fire":22,"pokecube:crop_pinap":24,"minecraft:green_bed":1,"minecraft:deepslate_redstone_ore":1,"pokecube_legends:meteorite_cosmic_ore":15,"minecraft:deepslate_tile_slab":7,"quark:cobblestone_bricks":1,"quark:blossom_log":1,"minecraft:cobblestone":1,"minecraft:oak_planks":12,"minecraft:birch_log":7,"pokecube:crop_persim":21,"minecraft:stone_brick_stairs":3,"pokecube:crop_jaboca":2,"minecraft:grass":262,"minecraft:oak_log":171,"minecraft:dirt":534,"minecraft:sand":12,"minecraft:netherrack":13,"minecraft:oak_leaves":133,"minecraft:deepslate":15,"minecraft:mossy_cobblestone":1,"minecraft:deepslate_diamond_ore":2,"minecraft:glow_lichen":2,"quark:stone_brick_vertical_slab":39,"minecraft:sandstone":4,"waifucraft:silent_princess":1,"minecraft:hay_block":7,"minecraft:andesite":8,"minecraft:gold_block":4,"minecraft:bookshelf":6,"minecraft:deepslate_iron_ore":38,"pokecube_legends:meteorite_block":61,"minecraft:stone":345,"minecraft:dandelion":33,"minecraft:crafting_table":1,"minecraft:cornflower":1,"pokecube:crop_cheri":1,"minecraft:copper_ore":1,"minecraft:tall_grass":37,"pokecube:crop_lum":22,"minecraft:deepslate_gold_ore":16,"pokecube:crop_rowap":1,"minecraft:coal_ore":83,"minecraft:gravel":97,"minecraft:sunflower":3,"minecraft:dripstone_block":6,"minecraft:cobweb":8,"minecraft:cracked_stone_bricks":2,"minecraft:stone_bricks":34,"minecraft:mossy_stone_bricks":2,"minecraft:gold_ore":8},"minecraft:used":{"minecraft:iron_shovel":368,"minecraft:shield":252,"comforts:sleeping_bag_yellow":5,"minecraft:stone":1,"minecraft:iron_sword":390,"minecraft:deepslate_tile_slab":7,"pokecube_adventures:statue":5,"minecraft:snowball":1,"minecraft:stone_brick_stairs":19,"minecraft:stone_bricks":191,"minecraft:golden_sword":12,"minecraft:written_book":1,"minecraft:oak_sapling":91,"minecraft:furnace":2,"minecraft:cooked_cod":5,"minecraft:potato":2,"minecraft:spruce_door":2,"pokecube:pokemobegg":1,"minecraft:oak_planks":301,"minecraft:ender_pearl":1,"minecraft:sandstone":4,"minecraft:cookie":16,"minecraft:sand":22,"pokecube:leaves_sitrus":1,"minecraft:blast_furnace":1,"minecraft:dripstone_block":11,"waystones:waystone":1,"minecraft:bread":15,"minecraft:gravel":77,"minecraft:chainmail_boots":1,"minecraft:cooked_rabbit":96,"minecraft:andesite":6,"minecraft:ice":2,"minecraft:white_concrete":4,"quark:stone_brick_vertical_slab":76,"minecraft:bone_meal":58,"minecraft:red_concrete":2,"pyrologernfriends:scythe":187,"minecraft:cooked_salmon":4,"minecraft:cooked_chicken":61,"minecraft:netherrack":6,"minecraft:torch":42,"minecraft:dirt":605,"minecraft:chainmail_chestplate":1,"minecraft:golden_shovel":32,"minecraft:granite":2,"minecraft:stone_brick_slab":15,"minecraft:iron_axe":226,"minecraft:deepslate_tile_stairs":7,"quark:blossom_planks":1,"tombstone:gift":6,"comforts:sleeping_bag_white":12,"pyrologernfriends:pitchfork":130,"minecraft:cooked_beef":36,"minecraft:golden_axe":21,"minecraft:cobbled_deepslate":17,"minecraft:pointed_dripstone":1,"minecraft:water_bucket":32,"quark:cobblestone_bricks":28,"minecraft:baked_potato":7,"quark:abacus":7,"minecraft:green_bed":1,"minecraft:stonecutter":1,"minecraft:crafting_table":3,"minecraft:white_bed":5,"pokecube:pokecenter":1,"minecraft:diamond_shovel":531,"pyrologernfriends:lifesteal_pitchfork":1,"minecraft:iron_pickaxe":754,"quark:dark_oak_chest":4,"minecraft:cobblestone":6,"minecraft:white_banner":1,"minecraft:cooked_porkchop":7,"minecraft:bucket":36,"minecraft:pumpkin_pie":10,"quark:oak_chest":1},"minecraft:picked_up":{"pokecube:leaves_hondew":1,"minecraft:iron_chestplate":1,"pokecube:berry_lum":71,"minecraft:wheat":2,"minecraft:yellow_wool":9,"pokecube:berry_qualot":41,"minecraft:lead":2,"minecraft:stone_brick_stairs":3,"waifucraft:silent_princess":1,"minecraft:string":26,"minecraft:raw_copper":1,"minecraft:cooked_salmon":4,"minecraft:iron_leggings":1,"minecraft:pufferfish":1,"minecraft:beetroot":2,"minecraft:gold_nugget":2,"minecraft:cobbled_deepslate":40,"comforts:sleeping_bag_white":13,"minecraft:iron_pickaxe":1,"minecraft:iron_boots":3,"minecraft:stick":33,"quark:crab_shell":1,"minecraft:torch":1,"minecraft:green_bed":1,"pokecube:moonstone":2,"minecraft:porkchop":44,"quark:blossom_log":1,"pokecube:metalcoat":1,"tombstone:grave_dust":3,"minecraft:pointed_dripstone":9,"minecraft:deepslate_tile_stairs":7,"pokecube:berry_grepa":55,"minecraft:rabbit_foot":22,"pokecube:berry_oran":27,"minecraft:rotten_flesh":79,"minecraft:tropical_fish":2,"pokecube_legends:meteorite_block":60,"comforts:sleeping_bag_yellow":5,"minecraft:blaze_rod":5,"minecraft:cod":3,"minecraft:snowball":253,"minecraft:cobblestone":477,"minecraft:birch_log":7,"minecraft:feather":65,"minecraft:andesite":8,"minecraft:potato":3,"minecraft:flint":7,"pokecube:leaves_sitrus":1,"pyrologernfriends:scythe":1,"minecraft:dirt":989,"minecraft:lantern":1,"hmag:evil_crystal_fragment":1,"pokecube:berry_jaboca":44,"minecraft:bone":44,"minecraft:bow":1,"minecraft:wheat_seeds":65,"minecraft:raw_gold":23,"pokecube:berry_leppa":67,"minecraft:mossy_stone_bricks":2,"minecraft:rabbit":119,"minecraft:glowstone_dust":13,"minecraft:oak_planks":12,"minecraft:cooked_porkchop":2,"hmag:soul_powder":5,"minecraft:sand":13,"minecraft:ink_sac":19,"pokecube:berry_pinap":52,"pokecube:berry_rawst":23,"quark:stone_brick_vertical_slab":51,"hmag:kobold_leather":1,"minecraft:mossy_cobblestone":1,"minecraft:bundle":2,"pokecube:berry_persim":69,"pokecube:berry_cheri":107,"tombstone:familiar_stone":1,"minecraft:diamond":3,"waystones:waystone":2,"pokecube:berry_chesto":17,"minecraft:crossbow":3,"minecraft:granite":2,"minecraft:bone_meal":2,"minecraft:white_concrete":4,"minecraft:chainmail_helmet":1,"minecraft:emerald":10,"minecraft:bread":2,"pokecube:revive":2,"minecraft:oak_sapling":92,"minecraft:netherrack":13,"minecraft:oak_leaves":4,"minecraft:nether_star":1,"pokecube:berry_rowap":3,"minecraft:crafting_table":1,"artifacts:night_vision_goggles":1,"minecraft:chicken":79,"minecraft:brown_mushroom":4,"minecraft:packed_ice":1,"minecraft:cooked_rabbit":10,"minecraft:gold_block":4,"minecraft:shield":1,"minecraft:cornflower":1,"minecraft:iron_axe":2,"artifacts:feral_claws":1,"pokecube:ultracube":14,"minecraft:cracked_stone_bricks":2,"minecraft:beef":24,"pokecube:pokecube":5,"hmag:cooked_savagefang_meat":1,"minecraft:iron_nugget":2,"pokecube:greatcube":4,"minecraft:raw_iron":60,"minecraft:sandstone":4,"minecraft:stone":5,"pokecube_legends:sapphire":3,"minecraft:cookie":1,"minecraft:redstone":79,"minecraft:arrow":14,"minecraft:cooked_cod":4,"minecraft:pumpkin_pie":10,"minecraft:shears":2,"minecraft:hay_block":5,"comforts:sleeping_bag_red":1,"pokecube:berry_pecha":1,"minecraft:saddle":1,"minecraft:mutton":10,"minecraft:bone_block":11,"minecraft:rail":2,"minecraft:white_wool":10,"minecraft:air":0,"pokecube_adventures:badge_poison":1,"pokecube_legends:cosmic_dust":27,"minecraft:salmon":11,"minecraft:leather":15,"minecraft:red_mushroom":4,"minecraft:ice":5,"minecraft:oak_log":174,"minecraft:chainmail_chestplate":2,"pokecube:mega_belt":1,"minecraft:gunpowder":3,"minecraft:deepslate_tile_slab":7,"minecraft:white_banner":2,"pokecube:berry_aspear":35,"minecraft:apple":12,"minecraft:stone_bricks":33,"minecraft:rabbit_hide":102,"minecraft:iron_ingot":62,"minecraft:cooked_chicken":35,"minecraft:iron_sword":5,"minecraft:book":15,"minecraft:dandelion":58,"minecraft:dripstone_block":11,"minecraft:gravel":105,"minecraft:lava_bucket":1,"minecraft:white_bed":3,"minecraft:spider_eye":7,"quark:abacus":1,"minecraft:spruce_door":3,"quark:cobblestone_bricks":1,"minecraft:pumpkin_seeds":1,"minecraft:slime_ball":6,"minecraft:chainmail_leggings":1,"minecraft:scute":2,"minecraft:baked_potato":5,"minecraft:red_concrete":2,"minecraft:coal":79,"minecraft:shulker_shell":1,"minecraft:sunflower":3,"minecraft:ender_pearl":19},"minecraft:killed_by":{"minecraft:evoker":1,"minecraft:pillager":1,"hmag:zombie_girl":1,"minecraft:ravager":2,"minecraft:vindicator":5,"minecraft:zombie":2,"pyrologernfriends:electrocutor":1,"minecraft:player":2,"minecraft:skeleton":1},"minecraft:broken":{"minecraft:iron_shovel":2,"minecraft:iron_boots":2,"minecraft:iron_chestplate":1,"minecraft:golden_shovel":1,"minecraft:iron_leggings":2,"minecraft:chainmail_boots":1,"minecraft:chainmail_chestplate":2,"pyrologernfriends:pitchfork":1,"minecraft:iron_sword":2,"quark:forgotten_hat":1,"minecraft:chainmail_leggings":1,"pyrologernfriends:lifesteal_pitchfork":1,"minecraft:chainmail_helmet":1,"minecraft:shield":2,"minecraft:iron_pickaxe":3,"minecraft:iron_helmet":1},"minecraft:crafted":{"minecraft:oak_planks":300,"minecraft:cooked_chicken":46,"minecraft:stone":327,"minecraft:diamond_shovel":1,"sophisticatedbackpacks:crafting_upgrade":1,"minecraft:stone_brick_slab":16,"pokecube_adventures:statue":5,"pokecube:pokemobegg":4,"minecraft:iron_boots":3,"minecraft:chest":1,"minecraft:stone_bricks":23,"minecraft:smoker":1,"quark:blossom_planks":4,"minecraft:crafting_table":3,"minecraft:iron_helmet":1,"minecraft:birch_planks":8,"sophisticatedbackpacks:upgrade_base":5,"pokecube:pokecube":10,"comforts:sleeping_bag_yellow":1,"minecraft:stone_brick_stairs":5,"minecraft:iron_chestplate":1,"minecraft:shield":1,"quark:oak_chest":1,"minecraft:iron_ingot":22,"minecraft:snow_block":85,"minecraft:gold_ingot":36,"sophisticatedbackpacks:blasting_upgrade":1,"pokecube:ultracube":9,"minecraft:deepslate_tile_slab":14,"quark:stone_brick_vertical_slab":4,"minecraft:coal":99,"minecraft:tripwire_hook":2,"quark:jungle_chest":1,"minecraft:furnace":2,"minecraft:stone_button":8,"minecraft:bone_meal":24,"quark:dark_oak_chest":4,"minecraft:iron_axe":2,"minecraft:dark_oak_planks":4,"minecraft:cooked_beef":16,"pokecube:revive":16,"minecraft:bucket":2,"minecraft:air":0,"minecraft:jungle_planks":16,"minecraft:iron_shovel":1,"minecraft:iron_leggings":1,"sophisticatedbackpacks:smoking_upgrade":1,"minecraft:stonecutter":1,"minecraft:white_bed":2,"minecraft:torch":48,"pokecube:greatcube":22,"minecraft:trapped_chest":1},"minecraft:dropped":{"minecraft:brown_mushroom":1,"minecraft:cooked_beef":1,"minecraft:nether_star":1,"minecraft:cooked_porkchop":2,"minecraft:cookie":1,"minecraft:red_mushroom":1,"artifacts:night_vision_goggles":1,"minecraft:ice":1,"minecraft:cooked_cod":7,"minecraft:sand":7,"minecraft:white_wool":1,"minecraft:gravel":1,"comforts:sleeping_bag_red":1,"minecraft:cooked_chicken":19,"minecraft:pointed_dripstone":1,"minecraft:salmon":1,"minecraft:rabbit_foot":3,"pokecube_adventures:badge_poison":1,"pokecube:berry_lum":2,"pokecube:ultracube":25,"minecraft:arrow":2,"pokecube:pokecube":19,"minecraft:bread":3,"minecraft:wheat_seeds":3,"minecraft:feather":3,"minecraft:cobblestone":2,"quark:abacus":1,"minecraft:redstone":11,"minecraft:dandelion":1,"minecraft:snow_block":85,"minecraft:shears":2,"minecraft:potato":10,"minecraft:shield":1,"pokecube:greatcube":2,"minecraft:spider_eye":3,"minecraft:cooked_rabbit":3},"minecraft:killed":{"pokecube:geodude":61,"pokecube:gyarados":2,"pokecube:hitmontop":1,"pokecube:weedle":3,"pokecube:blipbug":1,"minecraft:cave_spider":5,"pokecube:cubone":3,"pokecube:marill":2,"minecraft:witch":3,"pokecube:torkoal":5,"pokecube:nidoran-f":4,"pokecube:trumbeak":1,"pokecube:grubbin":1,"minecraft:spider":10,"pokecube:stunky":1,"pokecube:pawmi":19,"pokecube:wiglett":7,"minecraft:skeleton":13,"pokecube:venipede":2,"pokecube:bouffalant":3,"pokecube:zigzagoon":27,"minecraft:bee":2,"pokecube:flaaffy":1,"pokecube:tentacool":12,"quark:crab":1,"pokecube:pidgey":9,"pokecube:gossifleur":7,"pokecube:corphish":3,"pokecube:pachirisu":3,"pyrologernfriends:rancher":1,"pokecube:doduo":5,"artifacts:mimic":1,"pokecube:sentret":4,"pokecube:glameow":6,"pokecube:slowpoke-galar":17,"pokecube:krabby":3,"pokecube:jigglypuff":3,"pokecube:growlithe":3,"pokecube:nymble":2,"pokecube:zigzagoon-galar":7,"pokecube:zorua":2,"pokecube:togepi":1,"pokecube:tauros":2,"pokecube:pikipek":2,"pokecube:bibarel":2,"pokecube:mudbray":5,"minecraft:creeper":4,"pokecube:rockruff":8,"minecraft:trader_llama":2,"minecraft:pillager":13,"pokecube:oddish":3,"pokecube:binacle":11,"minecraft:zombie":24,"pokecube:vullaby":2,"pokecube:chewtle":1,"pokecube:skitty":2,"pokecube:magikarp":17,"pokecube:koffing":1,"pokecube:wingull":12,"pokecube:magmar":1,"pokecube:zubat":3,"pokecube:mudkip":1,"pokecube:spearow":7,"pokecube:skrelp":1,"pokecube:bidoof":24,"pokecube:wurmple":2,"pokecube:eldegoss":1,"pokecube:roggenrola":38,"pokecube:meowth":1,"pokecube:wooloo":1,"pokecube:porygon":1,"pokecube:slowpoke":2,"hmag:creeper_girl":1,"minecraft:vindicator":5,"pokecube:plusle":14,"pokecube:sunkern":13,"hmag:skeleton_girl":1,"pokecube:ralts":1,"pokecube:foongus":4,"pokecube:persian":1,"pokecube:varoom":1,"pokecube:minccino":2,"pokecube:goldeen":5,"pokecube:vulpix":7,"pokecube:exeggcute":2,"pokecube:unown":1,"hmag:zombie_girl":5,"pokecube:frillish":25,"pokecube:poliwag":6,"pokecube:psyduck":1,"minecraft:drowned":3,"pokecube:minun":25,"pokecube:tandemaus":12,"pokecube:corviknight":3,"pokecube:illumise":1,"pokecube:shellder":4,"pokecube:rattata":14,"pokecube:linoone":1,"pokecube:taillow":24,"pokecube:cutiefly":8,"pokecube:corsola-galar":2,"pokecube:toedscool":1,"pokecube:quaxly":1,"pokecube:mareep":9,"pokecube:girafarig":1,"pokecube:patrat":5,"pokecube:buizel":7,"pokecube:mienshao":1,"hmag:ghost":5,"pokecube:spinda":1,"pokecube:electrike":2,"pokecube:gastly":1,"pokecube:spheal":6,"pokecube:nuzleaf":1,"pokecube:vulpix-alola":1,"pokecube:yungoos":31,"pokecube:gothita":2,"pokecube:graveler":1,"minecraft:ravager":1,"pokecube:snorunt":1,"pokecube:servine":1,"pokecube:roselia":1,"pokecube:tinkatink":1,"pokecube:barboach":1,"pokecube:venomoth":1,"pokecube:poochyena":9,"pokecube:wattrel":1,"pokecube:mankey":5,"pokecube:hoppip":2,"pokecube:pidove":8,"pyrologernfriends:rusher":1,"pokecube:starly":18,"pokecube:litleo":1,"pokecube:fletchling":9,"pokecube:butterfree":3,"pokecube:oricorio-baile":1,"pokecube:swablu":2,"pokecube:scraggy":1},"minecraft:custom":{"minecraft:interact_with_crafting_table":27,"minecraft:open_barrel":17,"minecraft:leave_game":12,"minecraft:time_since_death":133383,"minecraft:damage_resisted":157,"minecraft:sprint_one_cm":966918,"minecraft:damage_blocked_by_shield":5964,"minecraft:drop":116,"minecraft:talked_to_villager":12,"minecraft:play_time":917376,"minecraft:deaths":17,"minecraft:jump":8559,"minecraft:walk_on_water_one_cm":123083,"minecraft:interact_with_furnace":45,"minecraft:traded_with_villager":34,"minecraft:sleep_in_bed":42,"minecraft:waystone_activated":8,"minecraft:damage_dealt":32414,"minecraft:crouch_one_cm":21171,"tombstone:undead_killed":51,"minecraft:mob_kills":823,"minecraft:damage_dealt_resisted":92,"minecraft:climb_one_cm":6029,"minecraft:walk_one_cm":2571210,"minecraft:damage_dealt_absorbed":40,"minecraft:raid_win":1,"minecraft:sneak_time":10827,"minecraft:walk_under_water_one_cm":159044,"minecraft:interact_with_blast_furnace":8,"minecraft:total_world_time":917376,"tombstone:raider_killed":29,"minecraft:interact_with_stonecutter":25,"minecraft:time_since_rest":1980,"minecraft:damage_taken":19712,"minecraft:swim_one_cm":102120,"minecraft:fly_one_cm":917784,"minecraft:open_chest":333,"minecraft:fall_one_cm":261266}},"DataVersion":2975}