{"stats":{"minecraft:crafted":{"minecraft:chest":1,"sophisticatedbackpacks:blasting_upgrade":1,"minecraft:iron_shovel":1,"minecraft:tripwire_hook":2,"minecraft:coal":9,"sophisticatedbackpacks:crafting_upgrade":1,"minecraft:crafting_table":2,"sophisticatedbackpacks:upgrade_base":5,"minecraft:trapped_chest":1,"minecraft:jungle_planks":16,"minecraft:iron_ingot":22,"minecraft:air":0,"minecraft:cooked_chicken":7,"quark:jungle_chest":1},"minecraft:mined":{"minecraft:grass":5},"minecraft:used":{"minecraft:crafting_table":1,"minecraft:chainmail_boots":1,"minecraft:furnace":1,"minecraft:cooked_porkchop":2,"minecraft:chainmail_chestplate":1,"minecraft:blast_furnace":1,"quark:abacus":7},"minecraft:killed":{"pokecube:krabby":1,"pokecube:tentacool":1},"minecraft:picked_up":{"minecraft:iron_ingot":2,"minecraft:bone_meal":2,"quark:abacus":1},"minecraft:custom":{"minecraft:time_since_rest":38101,"minecraft:open_chest":69,"minecraft:crouch_one_cm":3088,"minecraft:interact_with_furnace":4,"minecraft:sprint_one_cm":24711,"minecraft:play_time":38101,"minecraft:damage_taken":50,"minecraft:walk_one_cm":42017,"minecraft:sneak_time":800,"minecraft:mob_kills":2,"minecraft:drop":7,"minecraft:jump":106,"minecraft:interact_with_blast_furnace":5,"minecraft:leave_game":1,"minecraft:time_since_death":38101,"minecraft:total_world_time":38101,"minecraft:interact_with_crafting_table":7,"minecraft:fall_one_cm":1864,"minecraft:fly_one_cm":9283},"minecraft:dropped":{"quark:abacus":1,"pokecube:pokecube":6}},"DataVersion":2975}