{"stats":{"minecraft:killed_by":{"minecraft:zombie":1},"minecraft:crafted":{"minecraft:cooked_beef":7,"minecraft:coal":27,"minecraft:tripwire_hook":2,"minecraft:crafting_table":2,"minecraft:cooked_chicken":46,"quark:jungle_chest":1,"sophisticatedbackpacks:crafting_upgrade":1,"sophisticatedbackpacks:upgrade_base":5,"minecraft:air":0,"minecraft:jungle_planks":16,"minecraft:iron_ingot":22,"minecraft:chest":1,"minecraft:iron_shovel":1,"sophisticatedbackpacks:blasting_upgrade":1,"minecraft:torch":48,"minecraft:trapped_chest":1},"minecraft:mined":{"minecraft:deepslate_redstone_ore":1,"minecraft:deepslate_diamond_ore":2,"pokecube_legends:deepslate_sapphire_ore":3,"minecraft:glow_lichen":2,"minecraft:granite":2,"minecraft:tall_grass":2,"minecraft:deepslate_gold_ore":16,"minecraft:spawner":1,"minecraft:iron_ore":14,"minecraft:fire":1,"minecraft:grass":18,"minecraft:coal_ore":1,"minecraft:deepslate_iron_ore":38,"minecraft:dripstone_block":6,"minecraft:cobweb":8,"minecraft:stone":6,"minecraft:gold_ore":8,"minecraft:deepslate":15},"minecraft:broken":{"minecraft:iron_sword":1},"minecraft:used":{"minecraft:water_bucket":23,"minecraft:red_concrete":2,"minecraft:baked_potato":5,"quark:abacus":7,"minecraft:shield":126,"minecraft:iron_sword":187,"minecraft:cooked_chicken":29,"minecraft:cookie":8,"minecraft:torch":42,"minecraft:crafting_table":1,"minecraft:blast_furnace":1,"minecraft:chainmail_chestplate":1,"minecraft:dripstone_block":7,"minecraft:granite":2,"minecraft:bread":7,"minecraft:iron_pickaxe":116,"minecraft:cobblestone":1,"minecraft:cooked_beef":1,"minecraft:chainmail_boots":1,"minecraft:furnace":1,"minecraft:cooked_porkchop":3,"minecraft:bucket":24,"tombstone:gift":2,"minecraft:ice":2,"comforts:sleeping_bag_white":1,"minecraft:white_concrete":4,"minecraft:potato":2,"minecraft:cobbled_deepslate":16,"minecraft:pointed_dripstone":1},"minecraft:killed":{"pokecube:geodude":3,"pokecube:krabby":1,"minecraft:cave_spider":5,"hmag:ghost":3,"pokecube:roggenrola":3,"pokecube:spinda":1,"minecraft:spider":1,"pokecube:plusle":5,"pokecube:snorunt":1,"minecraft:creeper":1,"pokecube:varoom":1,"pokecube:goldeen":1,"minecraft:skeleton":2,"pokecube:exeggcute":2,"pokecube:bouffalant":3,"minecraft:zombie":13,"pokecube:zigzagoon":1,"pokecube:tentacool":1,"pokecube:tandemaus":1,"artifacts:mimic":1},"minecraft:picked_up":{"artifacts:night_vision_goggles":1,"minecraft:salmon":1,"minecraft:leather":2,"minecraft:ice":2,"minecraft:oak_log":3,"minecraft:string":11,"minecraft:iron_leggings":1,"hmag:evil_crystal_fragment":1,"minecraft:bone":3,"minecraft:bow":1,"minecraft:wheat_seeds":2,"minecraft:rabbit_hide":4,"minecraft:cobbled_deepslate":40,"minecraft:raw_gold":23,"comforts:sleeping_bag_white":1,"minecraft:iron_ingot":2,"minecraft:beef":8,"minecraft:rabbit":2,"minecraft:glowstone_dust":2,"pokecube:pokecube":3,"minecraft:iron_nugget":2,"minecraft:iron_sword":4,"minecraft:oak_planks":1,"minecraft:raw_iron":49,"hmag:soul_powder":3,"minecraft:torch":1,"pokecube_legends:sapphire":3,"minecraft:dripstone_block":11,"minecraft:cookie":1,"pokecube:berry_rawst":1,"minecraft:pointed_dripstone":9,"tombstone:grave_dust":3,"pokecube:berry_grepa":3,"minecraft:redstone":14,"hmag:kobold_leather":1,"quark:abacus":1,"minecraft:spider_eye":2,"pokecube:berry_oran":1,"minecraft:bundle":1,"pokecube:berry_cheri":11,"minecraft:arrow":1,"minecraft:rotten_flesh":13,"minecraft:diamond":3,"minecraft:chainmail_leggings":1,"minecraft:granite":2,"minecraft:bone_meal":2,"minecraft:white_concrete":4,"minecraft:chainmail_helmet":1,"minecraft:baked_potato":5,"minecraft:red_concrete":2,"minecraft:coal":1,"minecraft:bone_block":11,"minecraft:rail":2,"minecraft:cobblestone":13},"minecraft:custom":{"minecraft:interact_with_furnace":8,"minecraft:mob_kills":53,"tombstone:raider_killed":5,"minecraft:interact_with_crafting_table":7,"minecraft:open_barrel":12,"minecraft:leave_game":4,"minecraft:time_since_death":101127,"minecraft:sleep_in_bed":3,"minecraft:time_since_rest":9223,"minecraft:sprint_one_cm":110662,"minecraft:damage_taken":3410,"minecraft:walk_one_cm":449984,"minecraft:damage_blocked_by_shield":2265,"minecraft:drop":30,"minecraft:damage_dealt":8460,"minecraft:talked_to_villager":1,"minecraft:swim_one_cm":15087,"minecraft:damage_dealt_absorbed":40,"minecraft:fly_one_cm":72990,"minecraft:open_chest":78,"minecraft:crouch_one_cm":7432,"minecraft:play_time":151424,"tombstone:undead_killed":18,"minecraft:deaths":1,"minecraft:sneak_time":2458,"minecraft:walk_under_water_one_cm":38246,"minecraft:jump":1383,"minecraft:interact_with_blast_furnace":6,"minecraft:walk_on_water_one_cm":38628,"minecraft:total_world_time":151424,"minecraft:fall_one_cm":36115},"minecraft:dropped":{"minecraft:wheat_seeds":2,"minecraft:cooked_chicken":17,"minecraft:pointed_dripstone":1,"minecraft:cookie":1,"quark:abacus":1,"minecraft:salmon":1,"artifacts:night_vision_goggles":1,"minecraft:potato":10,"pokecube:pokecube":7,"minecraft:redstone":2}},"DataVersion":2975}