{"stats":{"minecraft:crafted":{"minecraft:coal":99,"minecraft:tripwire_hook":2,"minecraft:cooked_chicken":46,"quark:jungle_chest":1,"minecraft:furnace":1,"minecraft:stone_button":3,"minecraft:stone":3,"minecraft:bone_meal":24,"sophisticatedbackpacks:crafting_upgrade":1,"minecraft:chest":1,"minecraft:smoker":1,"minecraft:cooked_beef":16,"minecraft:crafting_table":2,"minecraft:birch_planks":8,"sophisticatedbackpacks:upgrade_base":5,"minecraft:air":0,"minecraft:jungle_planks":16,"minecraft:shield":1,"minecraft:iron_ingot":22,"minecraft:iron_shovel":1,"sophisticatedbackpacks:smoking_upgrade":1,"sophisticatedbackpacks:blasting_upgrade":1,"pokecube:ultracube":9,"minecraft:torch":48,"pokecube:greatcube":22,"minecraft:trapped_chest":1},"minecraft:used":{"minecraft:red_concrete":2,"minecraft:shield":155,"minecraft:iron_sword":307,"minecraft:cooked_chicken":32,"minecraft:torch":42,"minecraft:chainmail_chestplate":1,"minecraft:granite":2,"minecraft:iron_axe":13,"minecraft:oak_sapling":1,"minecraft:furnace":1,"tombstone:gift":4,"comforts:sleeping_bag_white":5,"minecraft:cooked_beef":7,"minecraft:potato":2,"minecraft:cobbled_deepslate":16,"minecraft:pointed_dripstone":1,"minecraft:water_bucket":32,"minecraft:baked_potato":5,"quark:abacus":7,"minecraft:cookie":8,"minecraft:blast_furnace":1,"minecraft:crafting_table":1,"minecraft:dripstone_block":7,"minecraft:bread":7,"minecraft:iron_pickaxe":218,"minecraft:cobblestone":1,"minecraft:chainmail_boots":1,"minecraft:cooked_porkchop":3,"minecraft:cooked_rabbit":22,"minecraft:andesite":6,"minecraft:bucket":33,"minecraft:ice":2,"minecraft:white_concrete":4,"minecraft:bone_meal":6},"minecraft:mined":{"minecraft:deepslate_diamond_ore":2,"pokecube_legends:deepslate_sapphire_ore":3,"minecraft:glow_lichen":2,"minecraft:granite":2,"minecraft:grass_block":1,"pokecube:crop_aspear":1,"minecraft:spawner":1,"minecraft:iron_ore":23,"minecraft:fire":1,"minecraft:andesite":8,"minecraft:deepslate_iron_ore":38,"minecraft:stone":28,"minecraft:deepslate_redstone_ore":1,"minecraft:cornflower":1,"pokecube:crop_cheri":1,"minecraft:copper_ore":1,"minecraft:tall_grass":9,"minecraft:deepslate_gold_ore":16,"minecraft:birch_log":7,"minecraft:grass":48,"minecraft:oak_log":4,"minecraft:coal_ore":63,"minecraft:dripstone_block":6,"minecraft:dirt":1,"minecraft:cobweb":8,"minecraft:gold_ore":8,"minecraft:oak_leaves":19,"minecraft:deepslate":15},"minecraft:picked_up":{"minecraft:iron_chestplate":1,"pokecube:berry_lum":9,"artifacts:night_vision_goggles":1,"minecraft:chicken":14,"minecraft:yellow_wool":2,"minecraft:cooked_rabbit":4,"minecraft:cornflower":1,"minecraft:string":11,"minecraft:iron_leggings":1,"minecraft:cobbled_deepslate":40,"comforts:sleeping_bag_white":6,"minecraft:beef":18,"pokecube:pokecube":3,"minecraft:iron_nugget":2,"minecraft:raw_iron":58,"minecraft:torch":1,"pokecube:moonstone":2,"pokecube_legends:sapphire":3,"minecraft:porkchop":1,"pokecube:metalcoat":1,"minecraft:pointed_dripstone":9,"minecraft:cookie":1,"tombstone:grave_dust":3,"minecraft:redstone":33,"pokecube:berry_grepa":4,"minecraft:rabbit_foot":7,"pokecube:berry_oran":10,"minecraft:arrow":1,"minecraft:rotten_flesh":40,"minecraft:pumpkin_pie":10,"comforts:sleeping_bag_red":1,"minecraft:saddle":1,"minecraft:mutton":3,"minecraft:bone_block":11,"minecraft:rail":2,"minecraft:white_wool":1,"minecraft:cobblestone":45,"minecraft:birch_log":7,"minecraft:feather":12,"minecraft:andesite":8,"minecraft:salmon":1,"minecraft:leather":10,"minecraft:ice":2,"minecraft:oak_log":7,"minecraft:dirt":18,"minecraft:white_banner":1,"hmag:evil_crystal_fragment":1,"pokecube:berry_jaboca":18,"minecraft:bone":11,"pokecube:berry_aspear":1,"minecraft:bow":1,"minecraft:wheat_seeds":14,"minecraft:raw_gold":23,"minecraft:rabbit_hide":33,"minecraft:iron_ingot":2,"minecraft:cooked_chicken":4,"pokecube:berry_leppa":44,"minecraft:rabbit":31,"minecraft:glowstone_dust":7,"minecraft:iron_sword":4,"minecraft:oak_planks":1,"hmag:soul_powder":3,"minecraft:dripstone_block":11,"pokecube:berry_pinap":3,"pokecube:berry_rawst":2,"hmag:kobold_leather":1,"quark:abacus":1,"minecraft:spider_eye":4,"minecraft:bundle":1,"pokecube:berry_persim":13,"pokecube:berry_cheri":74,"tombstone:familiar_stone":1,"minecraft:diamond":3,"minecraft:chainmail_leggings":1,"minecraft:crossbow":2,"minecraft:granite":2,"minecraft:bone_meal":2,"minecraft:white_concrete":4,"minecraft:chainmail_helmet":1,"minecraft:baked_potato":5,"minecraft:oak_sapling":2,"minecraft:red_concrete":2,"minecraft:coal":62,"minecraft:nether_star":1,"minecraft:ender_pearl":4},"minecraft:custom":{"minecraft:mob_kills":163,"minecraft:interact_with_crafting_table":13,"minecraft:open_barrel":13,"minecraft:leave_game":7,"minecraft:time_since_death":37633,"minecraft:sprint_one_cm":247508,"minecraft:walk_one_cm":891061,"minecraft:damage_blocked_by_shield":3315,"minecraft:drop":33,"minecraft:damage_dealt_absorbed":40,"minecraft:talked_to_villager":2,"minecraft:play_time":299527,"minecraft:sneak_time":3173,"minecraft:deaths":4,"minecraft:walk_under_water_one_cm":42163,"minecraft:jump":2925,"minecraft:interact_with_blast_furnace":7,"minecraft:walk_on_water_one_cm":46494,"minecraft:total_world_time":299527,"minecraft:interact_with_furnace":13,"tombstone:raider_killed":7,"minecraft:traded_with_villager":20,"minecraft:sleep_in_bed":12,"minecraft:time_since_rest":22177,"minecraft:waystone_activated":2,"minecraft:damage_taken":5847,"minecraft:damage_dealt":13302,"minecraft:swim_one_cm":15087,"minecraft:fly_one_cm":159703,"minecraft:crouch_one_cm":8109,"minecraft:open_chest":141,"tombstone:undead_killed":28,"minecraft:fall_one_cm":56176},"minecraft:broken":{"minecraft:chainmail_helmet":1,"minecraft:chainmail_boots":1,"minecraft:shield":1,"minecraft:iron_sword":1},"minecraft:killed_by":{"hmag:zombie_girl":1,"minecraft:vindicator":2,"minecraft:zombie":1},"minecraft:killed":{"pokecube:geodude":5,"pokecube:spearow":2,"pokecube:bidoof":6,"pokecube:blipbug":1,"minecraft:cave_spider":5,"pokecube:roggenrola":5,"minecraft:spider":2,"pokecube:plusle":5,"pokecube:stunky":1,"pokecube:varoom":1,"pokecube:goldeen":1,"minecraft:skeleton":4,"pokecube:exeggcute":2,"hmag:zombie_girl":3,"pokecube:bouffalant":3,"pokecube:zigzagoon":10,"pokecube:tentacool":1,"pokecube:gossifleur":2,"pokecube:pachirisu":3,"pokecube:tandemaus":1,"pokecube:minun":10,"pokecube:rattata":10,"pokecube:cutiefly":6,"pokecube:mareep":2,"artifacts:mimic":1,"pokecube:glameow":1,"pokecube:krabby":1,"pokecube:jigglypuff":3,"hmag:ghost":3,"pokecube:spinda":1,"pokecube:zigzagoon-galar":3,"pokecube:yungoos":8,"pokecube:gothita":2,"pokecube:mudbray":3,"pokecube:snorunt":1,"minecraft:creeper":1,"pokecube:poochyena":1,"minecraft:pillager":2,"minecraft:zombie":18,"pokecube:vullaby":1,"pokecube:mankey":2,"pokecube:skitty":2,"pokecube:starly":9,"pokecube:zubat":2},"minecraft:dropped":{"minecraft:wheat_seeds":2,"minecraft:nether_star":1,"minecraft:cookie":1,"quark:abacus":1,"artifacts:night_vision_goggles":1,"minecraft:redstone":2,"comforts:sleeping_bag_red":1,"minecraft:cooked_chicken":18,"minecraft:pointed_dripstone":1,"minecraft:salmon":1,"minecraft:potato":10,"pokecube:pokecube":7}},"DataVersion":2975}