{"stats":{"minecraft:killed_by":{"minecraft:zombie":1},"minecraft:crafted":{"minecraft:coal":27,"minecraft:tripwire_hook":2,"minecraft:crafting_table":2,"minecraft:iron_ingot":22,"minecraft:cooked_chicken":46,"quark:jungle_chest":1,"minecraft:chest":1,"minecraft:iron_shovel":1,"sophisticatedbackpacks:blasting_upgrade":1,"minecraft:torch":48,"sophisticatedbackpacks:crafting_upgrade":1,"sophisticatedbackpacks:upgrade_base":5,"minecraft:trapped_chest":1,"minecraft:air":0,"minecraft:jungle_planks":16},"minecraft:mined":{"minecraft:grass":6,"minecraft:coal_ore":1,"minecraft:dripstone_block":5,"minecraft:tall_grass":1},"minecraft:used":{"minecraft:water_bucket":4,"minecraft:bread":3,"minecraft:iron_pickaxe":6,"quark:abacus":7,"minecraft:shield":30,"minecraft:iron_sword":4,"minecraft:cooked_chicken":1,"minecraft:torch":4,"minecraft:cobblestone":1,"minecraft:blast_furnace":1,"minecraft:chainmail_boots":1,"minecraft:chainmail_chestplate":1,"minecraft:bucket":5,"minecraft:furnace":1,"minecraft:crafting_table":1,"minecraft:cooked_porkchop":3,"comforts:sleeping_bag_white":1,"minecraft:dripstone_block":4},"minecraft:killed":{"pokecube:geodude":3,"pokecube:krabby":1,"pokecube:bouffalant":3,"minecraft:zombie":1,"pokecube:roggenrola":3,"pokecube:tentacool":1,"pokecube:goldeen":1},"minecraft:picked_up":{"minecraft:salmon":1,"minecraft:leather":2,"minecraft:dripstone_block":5,"minecraft:pointed_dripstone":1,"quark:abacus":1,"comforts:sleeping_bag_white":1,"minecraft:iron_ingot":2,"minecraft:beef":8,"minecraft:bone_meal":2,"minecraft:coal":1,"minecraft:cobblestone":4},"minecraft:custom":{"minecraft:time_since_rest":767,"minecraft:interact_with_furnace":5,"minecraft:sprint_one_cm":29465,"minecraft:damage_taken":712,"minecraft:walk_one_cm":74323,"minecraft:damage_blocked_by_shield":425,"minecraft:mob_kills":13,"minecraft:drop":8,"minecraft:damage_dealt":99,"minecraft:interact_with_crafting_table":7,"minecraft:fly_one_cm":13584,"minecraft:open_chest":70,"minecraft:crouch_one_cm":4018,"minecraft:play_time":51029,"tombstone:undead_killed":1,"minecraft:deaths":1,"minecraft:sneak_time":1051,"minecraft:walk_under_water_one_cm":6064,"minecraft:jump":239,"minecraft:interact_with_blast_furnace":6,"minecraft:leave_game":3,"minecraft:time_since_death":732,"minecraft:walk_on_water_one_cm":12208,"minecraft:sleep_in_bed":1,"minecraft:total_world_time":51029,"minecraft:fall_one_cm":8846},"minecraft:dropped":{"quark:abacus":1,"pokecube:pokecube":6,"minecraft:salmon":1}},"DataVersion":2975}