{"stats":{"minecraft:killed_by":{"minecraft:zombie":1},"minecraft:crafted":{"minecraft:coal":27,"minecraft:tripwire_hook":2,"minecraft:crafting_table":2,"minecraft:cooked_chicken":46,"quark:jungle_chest":1,"sophisticatedbackpacks:crafting_upgrade":1,"sophisticatedbackpacks:upgrade_base":5,"minecraft:air":0,"minecraft:jungle_planks":16,"minecraft:iron_ingot":22,"minecraft:chest":1,"minecraft:iron_shovel":1,"sophisticatedbackpacks:blasting_upgrade":1,"minecraft:torch":48,"minecraft:trapped_chest":1},"minecraft:mined":{"minecraft:deepslate_redstone_ore":1,"minecraft:deepslate_diamond_ore":2,"minecraft:glow_lichen":2,"minecraft:granite":2,"minecraft:tall_grass":1,"minecraft:deepslate_gold_ore":16,"minecraft:iron_ore":14,"minecraft:fire":1,"minecraft:grass":6,"minecraft:coal_ore":1,"minecraft:deepslate_iron_ore":38,"minecraft:dripstone_block":6,"minecraft:stone":6,"minecraft:gold_ore":8,"minecraft:deepslate":14},"minecraft:used":{"minecraft:water_bucket":12,"quark:abacus":7,"minecraft:shield":103,"minecraft:iron_sword":76,"minecraft:cooked_chicken":21,"minecraft:torch":42,"minecraft:crafting_table":1,"minecraft:chainmail_chestplate":1,"minecraft:blast_furnace":1,"minecraft:dripstone_block":6,"minecraft:granite":2,"minecraft:bread":3,"minecraft:iron_pickaxe":111,"minecraft:cobblestone":1,"minecraft:chainmail_boots":1,"minecraft:furnace":1,"minecraft:cooked_porkchop":3,"minecraft:bucket":13,"comforts:sleeping_bag_white":1,"minecraft:cobbled_deepslate":14},"minecraft:killed":{"pokecube:geodude":3,"pokecube:krabby":1,"minecraft:cave_spider":3,"hmag:ghost":2,"pokecube:roggenrola":3,"pokecube:spinda":1,"minecraft:spider":1,"pokecube:snorunt":1,"pokecube:varoom":1,"pokecube:goldeen":1,"minecraft:skeleton":1,"pokecube:bouffalant":3,"minecraft:zombie":5,"pokecube:tentacool":1,"artifacts:mimic":1},"minecraft:picked_up":{"artifacts:night_vision_goggles":1,"minecraft:salmon":1,"minecraft:leather":2,"minecraft:ice":2,"minecraft:oak_log":3,"minecraft:string":1,"hmag:evil_crystal_fragment":1,"minecraft:bone":1,"minecraft:cobbled_deepslate":17,"minecraft:raw_gold":23,"comforts:sleeping_bag_white":1,"minecraft:beef":8,"minecraft:iron_ingot":2,"pokecube:pokecube":3,"minecraft:oak_planks":1,"minecraft:iron_sword":3,"minecraft:raw_iron":49,"hmag:soul_powder":2,"minecraft:dripstone_block":10,"tombstone:grave_dust":1,"minecraft:pointed_dripstone":7,"minecraft:redstone":5,"quark:abacus":1,"minecraft:rotten_flesh":9,"minecraft:diamond":3,"minecraft:granite":2,"minecraft:bone_meal":2,"minecraft:coal":1,"minecraft:rail":2,"minecraft:bone_block":11,"minecraft:cobblestone":13},"minecraft:custom":{"minecraft:interact_with_furnace":5,"minecraft:mob_kills":29,"minecraft:interact_with_crafting_table":7,"minecraft:open_barrel":12,"minecraft:leave_game":3,"minecraft:time_since_death":46813,"minecraft:sleep_in_bed":1,"minecraft:time_since_rest":46848,"minecraft:sprint_one_cm":56959,"minecraft:damage_taken":2173,"minecraft:walk_one_cm":276043,"minecraft:damage_blocked_by_shield":1705,"minecraft:drop":13,"minecraft:damage_dealt":3907,"minecraft:fly_one_cm":35388,"minecraft:open_chest":72,"minecraft:crouch_one_cm":5480,"minecraft:play_time":97110,"tombstone:undead_killed":8,"minecraft:deaths":1,"minecraft:sneak_time":1633,"minecraft:walk_under_water_one_cm":18727,"minecraft:jump":802,"minecraft:interact_with_blast_furnace":6,"minecraft:walk_on_water_one_cm":26294,"minecraft:total_world_time":97110,"minecraft:fall_one_cm":19559},"minecraft:dropped":{"minecraft:cooked_chicken":15,"minecraft:pointed_dripstone":1,"quark:abacus":1,"minecraft:salmon":1,"artifacts:night_vision_goggles":1,"pokecube:pokecube":6}},"DataVersion":2975}