{"stats":{"minecraft:crafted":{"minecraft:oak_planks":120,"minecraft:cooked_chicken":46,"minecraft:stone":159,"sophisticatedbackpacks:crafting_upgrade":1,"minecraft:stone_brick_slab":16,"minecraft:iron_boots":2,"minecraft:chest":1,"minecraft:stone_bricks":23,"minecraft:smoker":1,"minecraft:crafting_table":3,"minecraft:iron_helmet":1,"minecraft:birch_planks":8,"sophisticatedbackpacks:upgrade_base":5,"minecraft:stone_brick_stairs":5,"minecraft:shield":1,"quark:oak_chest":1,"minecraft:iron_ingot":22,"sophisticatedbackpacks:blasting_upgrade":1,"pokecube:ultracube":9,"minecraft:deepslate_tile_slab":14,"quark:stone_brick_vertical_slab":2,"minecraft:coal":99,"minecraft:tripwire_hook":2,"quark:jungle_chest":1,"minecraft:furnace":2,"minecraft:stone_button":3,"minecraft:bone_meal":24,"quark:dark_oak_chest":4,"minecraft:dark_oak_planks":4,"minecraft:cooked_beef":16,"minecraft:air":0,"minecraft:jungle_planks":16,"minecraft:iron_shovel":1,"sophisticatedbackpacks:smoking_upgrade":1,"minecraft:stonecutter":1,"minecraft:white_bed":1,"minecraft:torch":48,"pokecube:greatcube":22,"minecraft:trapped_chest":1},"minecraft:used":{"minecraft:iron_shovel":368,"minecraft:shield":204,"minecraft:iron_sword":368,"minecraft:deepslate_tile_slab":7,"minecraft:stone_brick_stairs":19,"minecraft:stone_bricks":46,"minecraft:furnace":2,"minecraft:oak_sapling":32,"minecraft:cooked_cod":5,"minecraft:potato":2,"minecraft:oak_planks":115,"minecraft:cookie":16,"minecraft:sand":15,"minecraft:blast_furnace":1,"minecraft:dripstone_block":7,"waystones:waystone":1,"minecraft:bread":15,"minecraft:chainmail_boots":1,"minecraft:cooked_rabbit":49,"minecraft:andesite":6,"minecraft:ice":2,"minecraft:white_concrete":4,"quark:stone_brick_vertical_slab":30,"minecraft:bone_meal":58,"minecraft:red_concrete":2,"minecraft:cooked_salmon":3,"minecraft:cooked_chicken":53,"minecraft:netherrack":6,"minecraft:torch":42,"minecraft:dirt":474,"minecraft:chainmail_chestplate":1,"minecraft:golden_shovel":32,"minecraft:granite":2,"minecraft:stone_brick_slab":15,"minecraft:iron_axe":100,"minecraft:deepslate_tile_stairs":1,"tombstone:gift":4,"comforts:sleeping_bag_white":12,"pyrologernfriends:pitchfork":104,"minecraft:cooked_beef":7,"minecraft:cobbled_deepslate":17,"minecraft:golden_axe":21,"minecraft:pointed_dripstone":1,"minecraft:water_bucket":32,"minecraft:baked_potato":5,"quark:abacus":7,"minecraft:stonecutter":1,"minecraft:crafting_table":3,"minecraft:white_bed":1,"minecraft:iron_pickaxe":487,"quark:dark_oak_chest":4,"minecraft:cobblestone":1,"minecraft:white_banner":1,"minecraft:cooked_porkchop":7,"minecraft:bucket":33,"minecraft:pumpkin_pie":10,"quark:oak_chest":1},"minecraft:mined":{"pokecube_legends:deepslate_sapphire_ore":3,"minecraft:granite":2,"minecraft:grass_block":151,"pokecube:crop_aspear":1,"pokecube:crop_rawst":3,"minecraft:spawner":1,"comforts:sleeping_bag_white":1,"minecraft:iron_ore":24,"minecraft:fire":22,"pokecube:crop_pinap":24,"minecraft:deepslate_redstone_ore":1,"minecraft:deepslate_tile_slab":7,"minecraft:oak_planks":6,"minecraft:birch_log":7,"pokecube:crop_persim":21,"minecraft:stone_brick_stairs":3,"minecraft:grass":226,"pokecube:crop_jaboca":2,"minecraft:oak_log":76,"minecraft:dirt":288,"minecraft:netherrack":13,"minecraft:oak_leaves":101,"minecraft:deepslate":15,"minecraft:deepslate_diamond_ore":2,"minecraft:glow_lichen":2,"quark:stone_brick_vertical_slab":6,"waifucraft:silent_princess":1,"minecraft:andesite":8,"minecraft:gold_block":2,"minecraft:deepslate_iron_ore":38,"minecraft:stone":260,"minecraft:dandelion":31,"minecraft:crafting_table":1,"minecraft:cornflower":1,"pokecube:crop_cheri":1,"minecraft:tall_grass":32,"minecraft:copper_ore":1,"pokecube:crop_lum":22,"minecraft:deepslate_gold_ore":16,"pokecube:crop_rowap":1,"minecraft:coal_ore":63,"minecraft:dripstone_block":6,"minecraft:cobweb":8,"minecraft:stone_bricks":4,"minecraft:gold_ore":8},"minecraft:picked_up":{"minecraft:iron_chestplate":1,"pokecube:berry_lum":69,"minecraft:yellow_wool":2,"pokecube:berry_qualot":29,"minecraft:stone_brick_stairs":3,"waifucraft:silent_princess":1,"minecraft:string":14,"minecraft:iron_leggings":1,"minecraft:cobbled_deepslate":40,"comforts:sleeping_bag_white":13,"minecraft:iron_pickaxe":1,"minecraft:stick":16,"minecraft:torch":1,"pokecube:moonstone":2,"minecraft:porkchop":4,"pokecube:metalcoat":1,"tombstone:grave_dust":3,"minecraft:pointed_dripstone":9,"pokecube:berry_grepa":38,"minecraft:rabbit_foot":11,"pokecube:berry_oran":22,"minecraft:rotten_flesh":51,"minecraft:blaze_rod":4,"minecraft:cobblestone":354,"minecraft:birch_log":7,"minecraft:feather":16,"minecraft:andesite":8,"minecraft:dirt":532,"hmag:evil_crystal_fragment":1,"pokecube:berry_jaboca":37,"minecraft:bone":21,"minecraft:bow":1,"minecraft:wheat_seeds":38,"minecraft:raw_gold":23,"minecraft:rabbit":59,"pokecube:berry_leppa":55,"minecraft:glowstone_dust":11,"minecraft:oak_planks":7,"minecraft:cooked_porkchop":2,"hmag:soul_powder":3,"minecraft:sand":1,"pokecube:berry_pinap":52,"pokecube:berry_rawst":19,"quark:stone_brick_vertical_slab":5,"hmag:kobold_leather":1,"pokecube:berry_persim":63,"minecraft:bundle":2,"pokecube:berry_cheri":101,"tombstone:familiar_stone":1,"minecraft:diamond":3,"waystones:waystone":1,"pokecube:berry_chesto":11,"minecraft:crossbow":2,"minecraft:granite":2,"minecraft:bone_meal":2,"minecraft:white_concrete":4,"minecraft:chainmail_helmet":1,"minecraft:emerald":3,"minecraft:oak_sapling":33,"minecraft:netherrack":13,"minecraft:oak_leaves":4,"minecraft:nether_star":1,"pokecube:berry_rowap":3,"minecraft:crafting_table":1,"artifacts:night_vision_goggles":1,"minecraft:chicken":28,"minecraft:brown_mushroom":1,"minecraft:cooked_rabbit":10,"minecraft:gold_block":2,"minecraft:cornflower":1,"artifacts:feral_claws":1,"pokecube:ultracube":13,"minecraft:beef":22,"pokecube:pokecube":5,"minecraft:iron_nugget":2,"pokecube:greatcube":4,"minecraft:raw_iron":58,"minecraft:stone":5,"pokecube_legends:sapphire":3,"minecraft:cookie":1,"minecraft:redstone":54,"minecraft:arrow":3,"minecraft:pumpkin_pie":10,"comforts:sleeping_bag_red":1,"pokecube:berry_pecha":1,"minecraft:saddle":1,"minecraft:mutton":3,"minecraft:white_wool":10,"minecraft:rail":2,"minecraft:bone_block":11,"minecraft:air":0,"pokecube_adventures:badge_poison":1,"minecraft:salmon":2,"minecraft:leather":10,"minecraft:red_mushroom":1,"minecraft:ice":4,"minecraft:oak_log":79,"minecraft:chainmail_chestplate":1,"pokecube:mega_belt":1,"minecraft:gunpowder":1,"minecraft:deepslate_tile_slab":7,"minecraft:white_banner":1,"pokecube:berry_aspear":33,"minecraft:apple":5,"minecraft:stone_bricks":3,"minecraft:rabbit_hide":57,"minecraft:iron_ingot":62,"minecraft:cooked_chicken":5,"minecraft:iron_sword":4,"minecraft:dandelion":50,"minecraft:dripstone_block":11,"minecraft:lava_bucket":1,"quark:abacus":1,"minecraft:spider_eye":5,"minecraft:chainmail_leggings":1,"minecraft:scute":2,"minecraft:baked_potato":5,"minecraft:red_concrete":2,"minecraft:coal":62,"minecraft:ender_pearl":10},"minecraft:custom":{"minecraft:interact_with_crafting_table":24,"minecraft:open_barrel":15,"minecraft:leave_game":7,"minecraft:time_since_death":16489,"minecraft:sprint_one_cm":590360,"minecraft:damage_blocked_by_shield":4121,"minecraft:drop":78,"minecraft:talked_to_villager":4,"minecraft:play_time":544828,"minecraft:deaths":8,"minecraft:jump":5249,"minecraft:walk_on_water_one_cm":48183,"minecraft:interact_with_furnace":27,"minecraft:traded_with_villager":20,"minecraft:sleep_in_bed":22,"minecraft:waystone_activated":4,"minecraft:damage_dealt":18976,"minecraft:crouch_one_cm":13443,"tombstone:undead_killed":34,"minecraft:mob_kills":320,"minecraft:damage_dealt_resisted":79,"minecraft:walk_one_cm":1643418,"minecraft:damage_dealt_absorbed":40,"minecraft:sneak_time":5613,"minecraft:walk_under_water_one_cm":42275,"minecraft:interact_with_blast_furnace":8,"minecraft:total_world_time":544828,"tombstone:raider_killed":8,"minecraft:interact_with_stonecutter":13,"minecraft:time_since_rest":16538,"minecraft:damage_taken":11771,"minecraft:swim_one_cm":15087,"minecraft:fly_one_cm":409845,"minecraft:open_chest":232,"minecraft:fall_one_cm":107096},"minecraft:killed_by":{"minecraft:pillager":1,"hmag:zombie_girl":1,"minecraft:vindicator":2,"minecraft:zombie":1,"minecraft:player":2},"minecraft:broken":{"minecraft:iron_shovel":2,"minecraft:iron_boots":1,"minecraft:iron_chestplate":1,"minecraft:golden_shovel":1,"minecraft:iron_leggings":1,"minecraft:chainmail_boots":1,"minecraft:chainmail_chestplate":1,"minecraft:iron_sword":2,"quark:forgotten_hat":1,"minecraft:chainmail_leggings":1,"minecraft:chainmail_helmet":1,"minecraft:shield":1,"minecraft:iron_pickaxe":2},"minecraft:killed":{"pokecube:geodude":40,"pokecube:hitmontop":1,"pokecube:blipbug":1,"minecraft:cave_spider":5,"pokecube:cubone":3,"pokecube:marill":2,"pokecube:torkoal":2,"pokecube:grubbin":1,"minecraft:spider":5,"pokecube:stunky":1,"pokecube:pawmi":2,"minecraft:skeleton":6,"pokecube:bouffalant":3,"pokecube:venipede":2,"pokecube:zigzagoon":16,"minecraft:bee":1,"pokecube:tentacool":1,"pokecube:pidgey":3,"pokecube:gossifleur":3,"pokecube:pachirisu":3,"artifacts:mimic":1,"pokecube:sentret":2,"pokecube:glameow":1,"pokecube:krabby":1,"pokecube:jigglypuff":3,"pokecube:zigzagoon-galar":7,"pokecube:zorua":2,"pokecube:mudbray":3,"minecraft:creeper":1,"pokecube:rockruff":3,"minecraft:pillager":3,"minecraft:zombie":21,"pokecube:vullaby":1,"pokecube:skitty":2,"pokecube:koffing":1,"pokecube:magmar":1,"pokecube:zubat":3,"pokecube:mudkip":1,"pokecube:spearow":2,"pokecube:bidoof":10,"pokecube:roggenrola":20,"pokecube:wooloo":1,"hmag:creeper_girl":1,"pokecube:plusle":5,"pokecube:sunkern":3,"pokecube:ralts":1,"pokecube:varoom":1,"pokecube:minccino":2,"pokecube:goldeen":1,"pokecube:vulpix":6,"pokecube:exeggcute":2,"pokecube:unown":1,"hmag:zombie_girl":4,"pokecube:psyduck":1,"pokecube:minun":20,"pokecube:tandemaus":2,"pokecube:rattata":11,"pokecube:corviknight":3,"pokecube:cutiefly":8,"pokecube:patrat":1,"pokecube:girafarig":1,"pokecube:mareep":2,"pokecube:mienshao":1,"hmag:ghost":3,"pokecube:spinda":1,"pokecube:gastly":1,"pokecube:vulpix-alola":1,"pokecube:yungoos":10,"pokecube:gothita":2,"pokecube:snorunt":1,"pokecube:roselia":1,"pokecube:poochyena":1,"pokecube:mankey":5,"pokecube:starly":9,"pokecube:fletchling":3,"pokecube:scraggy":1},"minecraft:dropped":{"minecraft:brown_mushroom":1,"minecraft:nether_star":1,"minecraft:cooked_porkchop":2,"minecraft:cookie":1,"minecraft:red_mushroom":1,"artifacts:night_vision_goggles":1,"minecraft:cooked_cod":6,"minecraft:sand":2,"comforts:sleeping_bag_red":1,"minecraft:cooked_chicken":19,"minecraft:pointed_dripstone":1,"minecraft:salmon":1,"minecraft:rabbit_foot":1,"pokecube_adventures:badge_poison":1,"pokecube:ultracube":11,"pokecube:pokecube":19,"minecraft:bread":3,"minecraft:wheat_seeds":3,"minecraft:feather":1,"minecraft:cobblestone":1,"quark:abacus":1,"minecraft:redstone":2,"minecraft:potato":10,"pokecube:greatcube":1}},"DataVersion":2975}