{"stats":{"minecraft:used":{"minecraft:red_concrete":2,"minecraft:shield":143,"minecraft:iron_sword":210,"minecraft:cooked_chicken":29,"minecraft:torch":42,"minecraft:chainmail_chestplate":1,"minecraft:granite":2,"minecraft:furnace":1,"tombstone:gift":2,"comforts:sleeping_bag_white":1,"minecraft:cooked_beef":4,"minecraft:potato":2,"minecraft:cobbled_deepslate":16,"minecraft:pointed_dripstone":1,"minecraft:water_bucket":25,"minecraft:baked_potato":5,"quark:abacus":7,"minecraft:cookie":8,"minecraft:crafting_table":1,"minecraft:blast_furnace":1,"minecraft:dripstone_block":7,"minecraft:bread":7,"minecraft:iron_pickaxe":116,"minecraft:cobblestone":1,"minecraft:chainmail_boots":1,"minecraft:cooked_porkchop":3,"minecraft:bucket":26,"minecraft:ice":2,"minecraft:white_concrete":4},"minecraft:mined":{"minecraft:deepslate_diamond_ore":2,"minecraft:granite":2,"pokecube_legends:deepslate_sapphire_ore":3,"minecraft:glow_lichen":2,"minecraft:spawner":1,"minecraft:iron_ore":14,"minecraft:fire":1,"minecraft:deepslate_iron_ore":38,"minecraft:stone":6,"minecraft:deepslate_redstone_ore":1,"minecraft:tall_grass":2,"minecraft:deepslate_gold_ore":16,"minecraft:grass":28,"minecraft:coal_ore":1,"minecraft:dripstone_block":6,"minecraft:cobweb":8,"minecraft:gold_ore":8,"minecraft:deepslate":15},"minecraft:picked_up":{"minecraft:iron_chestplate":1,"pokecube:berry_lum":1,"artifacts:night_vision_goggles":1,"minecraft:chicken":1,"minecraft:yellow_wool":2,"minecraft:string":11,"minecraft:iron_leggings":1,"minecraft:cobbled_deepslate":40,"comforts:sleeping_bag_white":1,"minecraft:beef":11,"pokecube:pokecube":3,"minecraft:iron_nugget":2,"minecraft:raw_iron":49,"minecraft:torch":1,"pokecube_legends:sapphire":3,"pokecube:metalcoat":1,"minecraft:cookie":1,"tombstone:grave_dust":3,"minecraft:pointed_dripstone":9,"minecraft:redstone":14,"pokecube:berry_grepa":3,"minecraft:rabbit_foot":3,"pokecube:berry_oran":1,"minecraft:arrow":1,"minecraft:rotten_flesh":18,"minecraft:mutton":3,"minecraft:cobblestone":13,"minecraft:rail":2,"minecraft:bone_block":11,"minecraft:salmon":1,"minecraft:leather":7,"minecraft:ice":2,"minecraft:oak_log":3,"hmag:evil_crystal_fragment":1,"minecraft:bone":6,"minecraft:bow":1,"minecraft:wheat_seeds":6,"minecraft:raw_gold":23,"minecraft:rabbit_hide":10,"minecraft:iron_ingot":2,"pokecube:berry_leppa":10,"minecraft:rabbit":8,"minecraft:glowstone_dust":2,"minecraft:oak_planks":1,"minecraft:iron_sword":4,"hmag:soul_powder":3,"minecraft:dripstone_block":11,"pokecube:berry_rawst":1,"hmag:kobold_leather":1,"quark:abacus":1,"minecraft:spider_eye":2,"minecraft:bundle":1,"pokecube:berry_cheri":22,"minecraft:diamond":3,"minecraft:chainmail_leggings":1,"minecraft:granite":2,"minecraft:bone_meal":2,"minecraft:white_concrete":4,"minecraft:chainmail_helmet":1,"minecraft:baked_potato":5,"minecraft:red_concrete":2,"minecraft:coal":1},"minecraft:killed_by":{"minecraft:vindicator":1,"minecraft:zombie":1},"minecraft:broken":{"minecraft:iron_sword":1},"minecraft:crafted":{"minecraft:coal":27,"minecraft:tripwire_hook":2,"minecraft:cooked_chicken":46,"quark:jungle_chest":1,"sophisticatedbackpacks:crafting_upgrade":1,"minecraft:chest":1,"minecraft:cooked_beef":7,"minecraft:crafting_table":2,"sophisticatedbackpacks:upgrade_base":5,"minecraft:air":0,"minecraft:jungle_planks":16,"minecraft:iron_ingot":22,"minecraft:iron_shovel":1,"sophisticatedbackpacks:blasting_upgrade":1,"minecraft:torch":48,"minecraft:trapped_chest":1},"minecraft:dropped":{"minecraft:wheat_seeds":2,"minecraft:cookie":1,"quark:abacus":1,"artifacts:night_vision_goggles":1,"minecraft:redstone":2,"minecraft:cooked_chicken":17,"minecraft:pointed_dripstone":1,"minecraft:salmon":1,"minecraft:potato":10,"pokecube:pokecube":7},"minecraft:killed":{"pokecube:geodude":3,"pokecube:bidoof":4,"minecraft:cave_spider":5,"pokecube:roggenrola":3,"minecraft:spider":1,"pokecube:plusle":5,"pokecube:stunky":1,"pokecube:varoom":1,"pokecube:goldeen":1,"minecraft:skeleton":2,"pokecube:exeggcute":2,"pokecube:bouffalant":3,"pokecube:zigzagoon":1,"pokecube:tentacool":1,"pokecube:tandemaus":1,"pokecube:mareep":2,"artifacts:mimic":1,"pokecube:krabby":1,"hmag:ghost":3,"pokecube:spinda":1,"pokecube:yungoos":6,"pokecube:snorunt":1,"minecraft:creeper":1,"minecraft:zombie":13},"minecraft:custom":{"minecraft:mob_kills":68,"minecraft:interact_with_crafting_table":7,"minecraft:open_barrel":12,"minecraft:leave_game":5,"minecraft:time_since_death":24874,"minecraft:sprint_one_cm":155705,"minecraft:walk_one_cm":564947,"minecraft:damage_blocked_by_shield":2765,"minecraft:drop":30,"minecraft:damage_dealt_absorbed":40,"minecraft:talked_to_villager":2,"minecraft:play_time":185414,"minecraft:deaths":2,"minecraft:sneak_time":2871,"minecraft:walk_under_water_one_cm":38936,"minecraft:jump":1715,"minecraft:interact_with_blast_furnace":6,"minecraft:walk_on_water_one_cm":38980,"minecraft:total_world_time":185414,"minecraft:interact_with_furnace":9,"tombstone:raider_killed":5,"minecraft:sleep_in_bed":5,"minecraft:time_since_rest":2127,"minecraft:waystone_activated":2,"minecraft:damage_taken":3956,"minecraft:damage_dealt":9306,"minecraft:swim_one_cm":15087,"minecraft:fly_one_cm":88360,"minecraft:open_chest":82,"minecraft:crouch_one_cm":7637,"tombstone:undead_killed":18,"minecraft:fall_one_cm":41207}},"DataVersion":2975}