{"stats":{"minecraft:crafted":{"sophisticatedbackpacks:blasting_upgrade":1,"minecraft:iron_shovel":1,"minecraft:coal":9,"minecraft:crafting_table":1,"sophisticatedbackpacks:upgrade_base":5,"minecraft:jungle_planks":4,"minecraft:iron_ingot":22,"minecraft:air":0,"minecraft:cooked_chicken":7},"minecraft:mined":{"minecraft:grass":5},"minecraft:used":{"minecraft:crafting_table":1,"minecraft:chainmail_boots":1,"minecraft:furnace":1,"minecraft:cooked_porkchop":2,"minecraft:chainmail_chestplate":1,"minecraft:blast_furnace":1},"minecraft:killed":{"pokecube:krabby":1,"pokecube:tentacool":1},"minecraft:custom":{"minecraft:time_since_rest":26101,"minecraft:open_chest":52,"minecraft:crouch_one_cm":2926,"minecraft:interact_with_furnace":4,"minecraft:sprint_one_cm":24711,"minecraft:play_time":26101,"minecraft:damage_taken":50,"minecraft:walk_one_cm":36524,"minecraft:sneak_time":728,"minecraft:mob_kills":2,"minecraft:drop":6,"minecraft:jump":104,"minecraft:interact_with_blast_furnace":4,"minecraft:leave_game":1,"minecraft:time_since_death":26101,"minecraft:total_world_time":26101,"minecraft:interact_with_crafting_table":4,"minecraft:fall_one_cm":1864,"minecraft:fly_one_cm":9283},"minecraft:dropped":{"pokecube:pokecube":6}},"DataVersion":2975}