{"stats":{"minecraft:killed_by":{"minecraft:zombie":1},"minecraft:crafted":{"minecraft:coal":27,"minecraft:tripwire_hook":2,"minecraft:crafting_table":2,"minecraft:cooked_chicken":46,"quark:jungle_chest":1,"sophisticatedbackpacks:crafting_upgrade":1,"sophisticatedbackpacks:upgrade_base":5,"minecraft:air":0,"minecraft:jungle_planks":16,"minecraft:iron_ingot":22,"minecraft:chest":1,"minecraft:iron_shovel":1,"sophisticatedbackpacks:blasting_upgrade":1,"minecraft:torch":48,"minecraft:trapped_chest":1},"minecraft:mined":{"minecraft:deepslate_redstone_ore":1,"minecraft:deepslate_diamond_ore":2,"minecraft:glow_lichen":2,"minecraft:granite":2,"minecraft:tall_grass":1,"minecraft:deepslate_gold_ore":5,"minecraft:iron_ore":11,"minecraft:grass":6,"minecraft:coal_ore":1,"minecraft:deepslate_iron_ore":21,"minecraft:dripstone_block":6,"minecraft:stone":4,"minecraft:gold_ore":2,"minecraft:deepslate":10},"minecraft:used":{"minecraft:water_bucket":8,"quark:abacus":7,"minecraft:shield":91,"minecraft:iron_sword":39,"minecraft:cooked_chicken":14,"minecraft:torch":38,"minecraft:crafting_table":1,"minecraft:chainmail_chestplate":1,"minecraft:blast_furnace":1,"minecraft:dripstone_block":6,"minecraft:granite":2,"minecraft:bread":3,"minecraft:iron_pickaxe":67,"minecraft:cobblestone":1,"minecraft:chainmail_boots":1,"minecraft:furnace":1,"minecraft:cooked_porkchop":3,"minecraft:bucket":9,"comforts:sleeping_bag_white":1,"minecraft:cobbled_deepslate":4},"minecraft:killed":{"pokecube:geodude":3,"pokecube:krabby":1,"hmag:ghost":2,"pokecube:roggenrola":3,"pokecube:spinda":1,"minecraft:spider":1,"pokecube:snorunt":1,"pokecube:varoom":1,"pokecube:goldeen":1,"pokecube:bouffalant":3,"minecraft:zombie":4,"pokecube:tentacool":1},"minecraft:picked_up":{"minecraft:salmon":1,"minecraft:leather":2,"minecraft:ice":2,"minecraft:oak_log":3,"minecraft:string":1,"hmag:evil_crystal_fragment":1,"minecraft:bone":1,"minecraft:cobbled_deepslate":13,"minecraft:raw_gold":5,"comforts:sleeping_bag_white":1,"minecraft:beef":8,"minecraft:iron_ingot":2,"minecraft:raw_iron":28,"hmag:soul_powder":2,"minecraft:dripstone_block":6,"tombstone:grave_dust":1,"minecraft:pointed_dripstone":1,"minecraft:redstone":5,"quark:abacus":1,"minecraft:rotten_flesh":5,"minecraft:diamond":2,"minecraft:granite":2,"minecraft:bone_meal":2,"minecraft:coal":1,"minecraft:cobblestone":8},"minecraft:custom":{"minecraft:interact_with_furnace":5,"minecraft:mob_kills":23,"minecraft:interact_with_crafting_table":7,"minecraft:leave_game":3,"minecraft:time_since_death":22813,"minecraft:sleep_in_bed":1,"minecraft:time_since_rest":22848,"minecraft:sprint_one_cm":34913,"minecraft:damage_taken":1656,"minecraft:walk_one_cm":162012,"minecraft:damage_blocked_by_shield":1300,"minecraft:drop":11,"minecraft:damage_dealt":1937,"minecraft:fly_one_cm":21903,"minecraft:open_chest":70,"minecraft:crouch_one_cm":4430,"minecraft:play_time":73110,"tombstone:undead_killed":6,"minecraft:deaths":1,"minecraft:sneak_time":1343,"minecraft:walk_under_water_one_cm":14000,"minecraft:jump":475,"minecraft:interact_with_blast_furnace":6,"minecraft:walk_on_water_one_cm":19916,"minecraft:total_world_time":73110,"minecraft:fall_one_cm":14435},"minecraft:dropped":{"minecraft:cooked_chicken":2,"minecraft:pointed_dripstone":1,"quark:abacus":1,"minecraft:salmon":1,"pokecube:pokecube":6}},"DataVersion":2975}