{"stats":{"minecraft:mined":{"pokecube_legends:deepslate_sapphire_ore":3,"minecraft:granite":2,"minecraft:grass_block":154,"minecraft:deepslate_tile_stairs":7,"pokecube:crop_aspear":1,"pokecube:crop_rawst":3,"minecraft:spawner":1,"comforts:sleeping_bag_white":1,"minecraft:iron_ore":25,"minecraft:fire":22,"pokecube:crop_pinap":24,"minecraft:deepslate_redstone_ore":1,"minecraft:deepslate_tile_slab":7,"minecraft:oak_planks":7,"minecraft:birch_log":7,"pokecube:crop_persim":21,"minecraft:stone_brick_stairs":3,"minecraft:grass":228,"pokecube:crop_jaboca":2,"minecraft:oak_log":76,"minecraft:dirt":290,"minecraft:netherrack":13,"minecraft:oak_leaves":103,"minecraft:deepslate":15,"minecraft:deepslate_diamond_ore":2,"minecraft:glow_lichen":2,"quark:stone_brick_vertical_slab":6,"waifucraft:silent_princess":1,"minecraft:andesite":8,"minecraft:gold_block":2,"minecraft:deepslate_iron_ore":38,"minecraft:stone":264,"minecraft:dandelion":32,"minecraft:crafting_table":1,"minecraft:cornflower":1,"pokecube:crop_cheri":1,"minecraft:tall_grass":32,"minecraft:copper_ore":1,"pokecube:crop_lum":22,"minecraft:deepslate_gold_ore":16,"pokecube:crop_rowap":1,"minecraft:coal_ore":63,"minecraft:dripstone_block":6,"minecraft:cobweb":8,"minecraft:stone_bricks":15,"minecraft:gold_ore":8},"minecraft:used":{"minecraft:iron_shovel":368,"minecraft:shield":212,"minecraft:iron_sword":368,"minecraft:deepslate_tile_slab":7,"minecraft:stone_brick_stairs":19,"minecraft:stone_bricks":103,"minecraft:furnace":2,"minecraft:oak_sapling":32,"minecraft:cooked_cod":5,"minecraft:potato":2,"minecraft:oak_planks":208,"minecraft:cookie":16,"minecraft:sand":15,"minecraft:blast_furnace":1,"minecraft:dripstone_block":7,"waystones:waystone":1,"minecraft:bread":15,"minecraft:chainmail_boots":1,"minecraft:cooked_rabbit":49,"minecraft:andesite":6,"minecraft:ice":2,"minecraft:white_concrete":4,"quark:stone_brick_vertical_slab":30,"minecraft:bone_meal":58,"minecraft:red_concrete":2,"minecraft:cooked_salmon":3,"minecraft:cooked_chicken":53,"minecraft:netherrack":6,"minecraft:torch":42,"minecraft:dirt":539,"minecraft:chainmail_chestplate":1,"minecraft:golden_shovel":32,"minecraft:granite":2,"minecraft:stone_brick_slab":15,"minecraft:iron_axe":100,"minecraft:deepslate_tile_stairs":7,"tombstone:gift":4,"comforts:sleeping_bag_white":12,"pyrologernfriends:pitchfork":129,"minecraft:cooked_beef":20,"minecraft:cobbled_deepslate":17,"minecraft:golden_axe":21,"minecraft:pointed_dripstone":1,"minecraft:water_bucket":32,"minecraft:baked_potato":5,"quark:abacus":7,"minecraft:stonecutter":1,"minecraft:crafting_table":3,"minecraft:white_bed":1,"minecraft:iron_pickaxe":510,"quark:dark_oak_chest":4,"minecraft:cobblestone":1,"minecraft:white_banner":1,"minecraft:cooked_porkchop":7,"minecraft:bucket":33,"minecraft:pumpkin_pie":10,"quark:oak_chest":1},"minecraft:picked_up":{"minecraft:iron_chestplate":1,"pokecube:berry_lum":69,"minecraft:yellow_wool":2,"pokecube:berry_qualot":37,"minecraft:stone_brick_stairs":3,"waifucraft:silent_princess":1,"minecraft:string":26,"minecraft:raw_copper":1,"minecraft:iron_leggings":1,"minecraft:cobbled_deepslate":40,"comforts:sleeping_bag_white":13,"minecraft:iron_pickaxe":1,"minecraft:stick":16,"minecraft:torch":1,"pokecube:moonstone":2,"minecraft:porkchop":4,"pokecube:metalcoat":1,"minecraft:pointed_dripstone":9,"tombstone:grave_dust":3,"minecraft:deepslate_tile_stairs":7,"pokecube:berry_grepa":38,"minecraft:rabbit_foot":17,"pokecube:berry_oran":25,"minecraft:rotten_flesh":56,"minecraft:blaze_rod":5,"minecraft:cobblestone":382,"minecraft:birch_log":7,"minecraft:feather":27,"minecraft:andesite":8,"minecraft:dirt":537,"hmag:evil_crystal_fragment":1,"pokecube:berry_jaboca":41,"minecraft:bone":23,"minecraft:bow":1,"minecraft:wheat_seeds":43,"minecraft:raw_gold":23,"pokecube:berry_leppa":65,"minecraft:rabbit":75,"minecraft:glowstone_dust":13,"minecraft:oak_planks":8,"minecraft:cooked_porkchop":2,"hmag:soul_powder":3,"minecraft:sand":1,"pokecube:berry_pinap":52,"pokecube:berry_rawst":23,"quark:stone_brick_vertical_slab":5,"hmag:kobold_leather":1,"pokecube:berry_persim":63,"minecraft:bundle":2,"pokecube:berry_cheri":107,"tombstone:familiar_stone":1,"minecraft:diamond":3,"waystones:waystone":1,"pokecube:berry_chesto":17,"minecraft:crossbow":2,"minecraft:granite":2,"minecraft:bone_meal":2,"minecraft:white_concrete":4,"minecraft:emerald":3,"minecraft:chainmail_helmet":1,"minecraft:oak_sapling":33,"minecraft:netherrack":13,"minecraft:oak_leaves":4,"minecraft:nether_star":1,"pokecube:berry_rowap":3,"minecraft:crafting_table":1,"artifacts:night_vision_goggles":1,"minecraft:chicken":38,"minecraft:brown_mushroom":1,"minecraft:cooked_rabbit":10,"minecraft:gold_block":2,"minecraft:cornflower":1,"artifacts:feral_claws":1,"pokecube:ultracube":13,"minecraft:beef":22,"pokecube:pokecube":5,"minecraft:iron_nugget":2,"pokecube:greatcube":4,"minecraft:raw_iron":60,"minecraft:stone":5,"pokecube_legends:sapphire":3,"minecraft:cookie":1,"minecraft:redstone":54,"minecraft:arrow":5,"minecraft:pumpkin_pie":10,"comforts:sleeping_bag_red":1,"pokecube:berry_pecha":1,"minecraft:saddle":1,"minecraft:mutton":3,"minecraft:bone_block":11,"minecraft:rail":2,"minecraft:white_wool":10,"minecraft:air":0,"pokecube_adventures:badge_poison":1,"minecraft:salmon":2,"minecraft:leather":10,"minecraft:red_mushroom":1,"minecraft:ice":4,"minecraft:oak_log":79,"minecraft:chainmail_chestplate":1,"pokecube:mega_belt":1,"minecraft:gunpowder":1,"minecraft:deepslate_tile_slab":7,"minecraft:white_banner":1,"pokecube:berry_aspear":34,"minecraft:apple":5,"minecraft:stone_bricks":14,"minecraft:rabbit_hide":69,"minecraft:iron_ingot":62,"minecraft:cooked_chicken":31,"minecraft:iron_sword":4,"minecraft:dandelion":51,"minecraft:dripstone_block":11,"minecraft:lava_bucket":1,"quark:abacus":1,"minecraft:spider_eye":7,"minecraft:chainmail_leggings":1,"minecraft:scute":2,"minecraft:baked_potato":5,"minecraft:red_concrete":2,"minecraft:coal":62,"minecraft:ender_pearl":10},"minecraft:killed_by":{"minecraft:pillager":1,"hmag:zombie_girl":1,"minecraft:vindicator":2,"minecraft:zombie":1,"minecraft:player":2},"minecraft:broken":{"minecraft:iron_shovel":2,"minecraft:iron_boots":1,"minecraft:iron_chestplate":1,"minecraft:golden_shovel":1,"minecraft:iron_leggings":1,"minecraft:chainmail_boots":1,"minecraft:chainmail_chestplate":1,"minecraft:iron_sword":2,"quark:forgotten_hat":1,"minecraft:chainmail_leggings":1,"minecraft:chainmail_helmet":1,"minecraft:shield":1,"minecraft:iron_pickaxe":2},"minecraft:crafted":{"minecraft:oak_planks":212,"minecraft:cooked_chicken":46,"minecraft:stone":171,"sophisticatedbackpacks:crafting_upgrade":1,"minecraft:stone_brick_slab":16,"pokecube_adventures:statue":1,"minecraft:iron_boots":2,"minecraft:chest":1,"minecraft:stone_bricks":23,"minecraft:smoker":1,"minecraft:crafting_table":3,"minecraft:iron_helmet":1,"minecraft:birch_planks":8,"sophisticatedbackpacks:upgrade_base":5,"minecraft:stone_brick_stairs":5,"minecraft:shield":1,"quark:oak_chest":1,"minecraft:iron_ingot":22,"sophisticatedbackpacks:blasting_upgrade":1,"pokecube:ultracube":9,"minecraft:deepslate_tile_slab":14,"quark:stone_brick_vertical_slab":2,"minecraft:coal":99,"minecraft:tripwire_hook":2,"quark:jungle_chest":1,"minecraft:furnace":2,"minecraft:stone_button":3,"minecraft:bone_meal":24,"quark:dark_oak_chest":4,"minecraft:dark_oak_planks":4,"minecraft:cooked_beef":16,"minecraft:air":0,"minecraft:jungle_planks":16,"minecraft:iron_shovel":1,"sophisticatedbackpacks:smoking_upgrade":1,"minecraft:stonecutter":1,"minecraft:white_bed":1,"minecraft:torch":48,"pokecube:greatcube":22,"minecraft:trapped_chest":1},"minecraft:dropped":{"minecraft:brown_mushroom":1,"minecraft:cooked_beef":1,"minecraft:nether_star":1,"minecraft:cooked_porkchop":2,"minecraft:cookie":1,"minecraft:red_mushroom":1,"artifacts:night_vision_goggles":1,"minecraft:cooked_cod":6,"minecraft:sand":2,"comforts:sleeping_bag_red":1,"minecraft:cooked_chicken":19,"minecraft:pointed_dripstone":1,"minecraft:salmon":1,"minecraft:rabbit_foot":1,"pokecube_adventures:badge_poison":1,"pokecube:ultracube":11,"pokecube:pokecube":19,"minecraft:bread":3,"minecraft:wheat_seeds":3,"minecraft:feather":1,"minecraft:cobblestone":1,"quark:abacus":1,"minecraft:dandelion":1,"minecraft:redstone":2,"minecraft:potato":10,"pokecube:greatcube":2},"minecraft:killed":{"pokecube:geodude":51,"pokecube:weedle":3,"pokecube:hitmontop":1,"pokecube:blipbug":1,"minecraft:cave_spider":5,"pokecube:cubone":3,"pokecube:marill":2,"pokecube:torkoal":5,"pokecube:grubbin":1,"minecraft:spider":7,"pokecube:stunky":1,"pokecube:pawmi":13,"minecraft:skeleton":6,"pokecube:bouffalant":3,"pokecube:venipede":2,"pokecube:zigzagoon":22,"minecraft:bee":1,"pokecube:tentacool":1,"pokecube:pidgey":4,"pokecube:gossifleur":3,"pokecube:pachirisu":3,"artifacts:mimic":1,"pokecube:sentret":2,"pokecube:glameow":1,"pokecube:krabby":1,"pokecube:jigglypuff":3,"pokecube:growlithe":3,"pokecube:nymble":2,"pokecube:zigzagoon-galar":7,"pokecube:zorua":2,"pokecube:mudbray":3,"minecraft:creeper":1,"pokecube:rockruff":4,"minecraft:pillager":3,"pokecube:oddish":3,"minecraft:zombie":22,"pokecube:vullaby":2,"pokecube:skitty":2,"pokecube:koffing":1,"pokecube:magmar":1,"pokecube:zubat":3,"pokecube:mudkip":1,"pokecube:spearow":4,"pokecube:bidoof":13,"pokecube:roggenrola":35,"pokecube:wooloo":1,"hmag:creeper_girl":1,"pokecube:plusle":5,"pokecube:sunkern":3,"pokecube:ralts":1,"pokecube:varoom":1,"pokecube:minccino":2,"pokecube:goldeen":1,"pokecube:vulpix":6,"pokecube:exeggcute":2,"pokecube:unown":1,"hmag:zombie_girl":4,"pokecube:psyduck":1,"pokecube:tandemaus":5,"pokecube:minun":20,"pokecube:rattata":11,"pokecube:corviknight":3,"pokecube:cutiefly":8,"pokecube:patrat":5,"pokecube:girafarig":1,"pokecube:mareep":2,"pokecube:mienshao":1,"hmag:ghost":3,"pokecube:spinda":1,"pokecube:gastly":1,"pokecube:vulpix-alola":1,"pokecube:yungoos":18,"pokecube:gothita":2,"pokecube:snorunt":1,"pokecube:servine":1,"pokecube:roselia":1,"pokecube:tinkatink":1,"pokecube:poochyena":3,"pokecube:mankey":5,"pokecube:pidove":4,"pokecube:starly":12,"pokecube:fletchling":4,"pokecube:scraggy":1},"minecraft:custom":{"minecraft:interact_with_crafting_table":25,"minecraft:open_barrel":15,"minecraft:leave_game":8,"minecraft:time_since_death":83478,"minecraft:sprint_one_cm":647217,"minecraft:damage_blocked_by_shield":4157,"minecraft:drop":81,"minecraft:talked_to_villager":5,"minecraft:play_time":611817,"minecraft:deaths":8,"minecraft:jump":6007,"minecraft:walk_on_water_one_cm":48183,"minecraft:interact_with_furnace":33,"minecraft:traded_with_villager":21,"minecraft:sleep_in_bed":26,"minecraft:waystone_activated":7,"minecraft:damage_dealt":19943,"minecraft:crouch_one_cm":18711,"tombstone:undead_killed":35,"minecraft:mob_kills":417,"minecraft:damage_dealt_resisted":79,"minecraft:walk_one_cm":1848917,"minecraft:damage_dealt_absorbed":40,"minecraft:sneak_time":7142,"minecraft:walk_under_water_one_cm":42275,"minecraft:interact_with_blast_furnace":8,"minecraft:total_world_time":611817,"tombstone:raider_killed":8,"minecraft:interact_with_stonecutter":17,"minecraft:time_since_rest":9264,"minecraft:damage_taken":12932,"minecraft:swim_one_cm":15087,"minecraft:fly_one_cm":514431,"minecraft:open_chest":255,"minecraft:fall_one_cm":145404}},"DataVersion":2975}