{"stats":{"minecraft:crafted":{"minecraft:oak_planks":44,"minecraft:coal":99,"minecraft:tripwire_hook":2,"minecraft:cooked_chicken":46,"quark:jungle_chest":1,"minecraft:furnace":1,"minecraft:stone_button":3,"minecraft:stone":3,"minecraft:bone_meal":24,"sophisticatedbackpacks:crafting_upgrade":1,"quark:dark_oak_chest":4,"minecraft:iron_boots":1,"minecraft:chest":1,"minecraft:dark_oak_planks":4,"minecraft:smoker":1,"minecraft:cooked_beef":16,"minecraft:crafting_table":3,"minecraft:birch_planks":8,"sophisticatedbackpacks:upgrade_base":5,"minecraft:air":0,"minecraft:jungle_planks":16,"minecraft:shield":1,"minecraft:iron_ingot":22,"minecraft:iron_shovel":1,"sophisticatedbackpacks:smoking_upgrade":1,"sophisticatedbackpacks:blasting_upgrade":1,"pokecube:ultracube":9,"minecraft:torch":48,"pokecube:greatcube":22,"minecraft:trapped_chest":1},"minecraft:used":{"minecraft:iron_shovel":368,"minecraft:red_concrete":2,"minecraft:shield":188,"minecraft:iron_sword":352,"minecraft:cooked_salmon":3,"minecraft:cooked_chicken":33,"minecraft:netherrack":6,"minecraft:torch":42,"minecraft:dirt":474,"minecraft:chainmail_chestplate":1,"minecraft:golden_shovel":32,"minecraft:granite":2,"minecraft:iron_axe":99,"minecraft:oak_sapling":32,"minecraft:furnace":1,"minecraft:cooked_cod":5,"tombstone:gift":4,"comforts:sleeping_bag_white":10,"minecraft:cooked_beef":7,"minecraft:potato":2,"minecraft:golden_axe":21,"minecraft:cobbled_deepslate":16,"minecraft:pointed_dripstone":1,"minecraft:water_bucket":32,"minecraft:oak_planks":22,"minecraft:baked_potato":5,"quark:abacus":7,"minecraft:cookie":16,"minecraft:blast_furnace":1,"minecraft:crafting_table":2,"minecraft:dripstone_block":7,"waystones:waystone":1,"minecraft:bread":7,"minecraft:iron_pickaxe":234,"quark:dark_oak_chest":4,"minecraft:cobblestone":1,"minecraft:chainmail_boots":1,"minecraft:white_banner":1,"minecraft:cooked_porkchop":5,"minecraft:cooked_rabbit":49,"minecraft:andesite":6,"minecraft:bucket":33,"minecraft:ice":2,"minecraft:white_concrete":4,"minecraft:bone_meal":58},"minecraft:mined":{"minecraft:deepslate_diamond_ore":2,"pokecube_legends:deepslate_sapphire_ore":3,"minecraft:glow_lichen":2,"minecraft:granite":2,"minecraft:grass_block":145,"pokecube:crop_aspear":1,"pokecube:crop_rawst":3,"minecraft:spawner":1,"waifucraft:silent_princess":1,"comforts:sleeping_bag_white":1,"minecraft:iron_ore":23,"minecraft:fire":1,"minecraft:andesite":8,"minecraft:gold_block":2,"minecraft:deepslate_iron_ore":38,"pokecube:crop_pinap":24,"minecraft:stone":28,"minecraft:deepslate_redstone_ore":1,"minecraft:dandelion":31,"minecraft:cornflower":1,"pokecube:crop_cheri":1,"minecraft:copper_ore":1,"minecraft:tall_grass":32,"minecraft:oak_planks":2,"pokecube:crop_lum":21,"minecraft:deepslate_gold_ore":16,"pokecube:crop_rowap":1,"minecraft:birch_log":7,"pokecube:crop_persim":18,"pokecube:crop_jaboca":2,"minecraft:grass":220,"minecraft:oak_log":76,"minecraft:coal_ore":63,"minecraft:dripstone_block":6,"minecraft:dirt":288,"minecraft:cobweb":8,"minecraft:netherrack":13,"minecraft:gold_ore":8,"minecraft:oak_leaves":101,"minecraft:deepslate":15},"minecraft:picked_up":{"pokecube:berry_rowap":2,"minecraft:iron_chestplate":1,"pokecube:berry_lum":54,"artifacts:night_vision_goggles":1,"minecraft:chicken":27,"pokecube:berry_qualot":14,"minecraft:yellow_wool":2,"minecraft:brown_mushroom":1,"minecraft:cooked_rabbit":4,"minecraft:gold_block":2,"waifucraft:silent_princess":1,"minecraft:cornflower":1,"minecraft:string":12,"artifacts:feral_claws":1,"minecraft:iron_leggings":1,"minecraft:cobbled_deepslate":40,"comforts:sleeping_bag_white":11,"minecraft:beef":18,"pokecube:pokecube":3,"minecraft:iron_nugget":2,"minecraft:iron_pickaxe":1,"pokecube:greatcube":4,"minecraft:stick":16,"minecraft:raw_iron":58,"minecraft:stone":2,"minecraft:torch":1,"pokecube:moonstone":2,"pokecube_legends:sapphire":3,"minecraft:porkchop":4,"pokecube:metalcoat":1,"minecraft:cookie":1,"minecraft:pointed_dripstone":9,"tombstone:grave_dust":3,"minecraft:redstone":54,"pokecube:berry_grepa":15,"minecraft:rabbit_foot":10,"pokecube:berry_oran":15,"minecraft:arrow":3,"minecraft:rotten_flesh":46,"minecraft:pumpkin_pie":10,"comforts:sleeping_bag_red":1,"pokecube:berry_pecha":1,"minecraft:blaze_rod":4,"minecraft:saddle":1,"minecraft:mutton":3,"minecraft:bone_block":11,"minecraft:rail":2,"minecraft:white_wool":1,"minecraft:cobblestone":85,"minecraft:birch_log":7,"minecraft:air":0,"minecraft:feather":16,"pokecube_adventures:badge_poison":1,"minecraft:andesite":8,"minecraft:salmon":1,"minecraft:leather":10,"minecraft:red_mushroom":1,"minecraft:ice":4,"minecraft:oak_log":79,"pokecube:mega_belt":1,"minecraft:gunpowder":1,"minecraft:dirt":499,"minecraft:white_banner":1,"hmag:evil_crystal_fragment":1,"pokecube:berry_jaboca":27,"minecraft:bone":21,"pokecube:berry_aspear":31,"minecraft:apple":5,"minecraft:bow":1,"minecraft:wheat_seeds":35,"minecraft:raw_gold":23,"minecraft:rabbit_hide":52,"minecraft:iron_ingot":2,"minecraft:cooked_chicken":4,"pokecube:berry_leppa":47,"minecraft:rabbit":56,"minecraft:glowstone_dust":11,"minecraft:iron_sword":4,"minecraft:oak_planks":3,"hmag:soul_powder":3,"minecraft:dandelion":29,"minecraft:dripstone_block":11,"pokecube:berry_pinap":52,"pokecube:berry_rawst":8,"hmag:kobold_leather":1,"quark:abacus":1,"minecraft:spider_eye":4,"minecraft:bundle":2,"pokecube:berry_persim":51,"pokecube:berry_cheri":90,"tombstone:familiar_stone":1,"minecraft:diamond":3,"pokecube:berry_chesto":9,"waystones:waystone":1,"minecraft:chainmail_leggings":1,"minecraft:crossbow":2,"minecraft:granite":2,"minecraft:bone_meal":2,"minecraft:white_concrete":4,"minecraft:chainmail_helmet":1,"minecraft:netherrack":13,"minecraft:baked_potato":5,"minecraft:oak_sapling":33,"minecraft:red_concrete":2,"minecraft:coal":62,"minecraft:oak_leaves":4,"minecraft:nether_star":1,"minecraft:ender_pearl":6},"minecraft:custom":{"minecraft:mob_kills":270,"minecraft:interact_with_crafting_table":14,"minecraft:open_barrel":13,"minecraft:damage_dealt_resisted":24,"minecraft:leave_game":7,"minecraft:time_since_death":11066,"minecraft:sprint_one_cm":454522,"minecraft:walk_one_cm":1328800,"minecraft:damage_blocked_by_shield":3838,"minecraft:drop":47,"minecraft:damage_dealt_absorbed":40,"minecraft:talked_to_villager":2,"minecraft:play_time":424828,"minecraft:sneak_time":4909,"minecraft:deaths":5,"minecraft:walk_under_water_one_cm":42163,"minecraft:jump":4264,"minecraft:interact_with_blast_furnace":7,"minecraft:walk_on_water_one_cm":46494,"minecraft:total_world_time":424828,"minecraft:interact_with_furnace":13,"tombstone:raider_killed":7,"minecraft:traded_with_villager":20,"minecraft:sleep_in_bed":17,"minecraft:time_since_rest":7648,"minecraft:waystone_activated":4,"minecraft:damage_taken":8239,"minecraft:damage_dealt":15496,"minecraft:swim_one_cm":15087,"minecraft:fly_one_cm":298741,"minecraft:crouch_one_cm":11818,"minecraft:open_chest":158,"tombstone:undead_killed":33,"minecraft:fall_one_cm":76988},"minecraft:broken":{"minecraft:iron_shovel":2,"minecraft:chainmail_leggings":1,"minecraft:golden_shovel":1,"minecraft:chainmail_helmet":1,"minecraft:chainmail_boots":1,"minecraft:shield":1,"minecraft:chainmail_chestplate":1,"minecraft:iron_sword":1},"minecraft:killed_by":{"minecraft:player":1,"hmag:zombie_girl":1,"minecraft:vindicator":2,"minecraft:zombie":1},"minecraft:killed":{"pokecube:geodude":31,"pokecube:mudkip":1,"pokecube:spearow":2,"pokecube:bidoof":10,"pokecube:blipbug":1,"minecraft:cave_spider":5,"pokecube:cubone":3,"pokecube:roggenrola":7,"pokecube:torkoal":1,"hmag:creeper_girl":1,"pokecube:grubbin":1,"minecraft:spider":3,"pokecube:sunkern":3,"pokecube:plusle":5,"pokecube:stunky":1,"pokecube:varoom":1,"pokecube:minccino":2,"pokecube:goldeen":1,"pokecube:unown":1,"pokecube:vulpix":6,"minecraft:skeleton":6,"pokecube:exeggcute":2,"hmag:zombie_girl":3,"pokecube:venipede":2,"pokecube:bouffalant":3,"pokecube:zigzagoon":16,"minecraft:bee":1,"pokecube:tentacool":1,"pokecube:pidgey":3,"pokecube:gossifleur":3,"pokecube:pachirisu":3,"pokecube:tandemaus":2,"pokecube:minun":20,"pokecube:rattata":11,"pokecube:cutiefly":8,"pokecube:mareep":2,"artifacts:mimic":1,"pokecube:glameow":1,"pokecube:krabby":1,"pokecube:jigglypuff":3,"hmag:ghost":3,"pokecube:spinda":1,"pokecube:zigzagoon-galar":7,"pokecube:gastly":1,"pokecube:vulpix-alola":1,"pokecube:yungoos":9,"pokecube:gothita":2,"pokecube:mudbray":3,"pokecube:snorunt":1,"minecraft:creeper":1,"pokecube:roselia":1,"pokecube:rockruff":3,"pokecube:poochyena":1,"minecraft:pillager":2,"minecraft:zombie":21,"pokecube:vullaby":1,"pokecube:mankey":5,"pokecube:skitty":2,"pokecube:starly":9,"pokecube:fletchling":3,"pokecube:koffing":1,"pokecube:magmar":1,"pokecube:zubat":3},"minecraft:dropped":{"minecraft:brown_mushroom":1,"minecraft:wheat_seeds":3,"minecraft:nether_star":1,"minecraft:cooked_porkchop":2,"minecraft:cookie":1,"minecraft:feather":1,"quark:abacus":1,"minecraft:red_mushroom":1,"artifacts:night_vision_goggles":1,"minecraft:cooked_cod":6,"minecraft:redstone":2,"comforts:sleeping_bag_red":1,"minecraft:cooked_chicken":18,"minecraft:pointed_dripstone":1,"minecraft:salmon":1,"minecraft:rabbit_foot":1,"pokecube_adventures:badge_poison":1,"minecraft:potato":10,"pokecube:pokecube":7}},"DataVersion":2975}