{
  "comforts:sleeping_bag_light_gray": {
    "criteria": {
      "has_the_recipe": "2024-10-07 19:23:08 +0000"
    },
    "done": true
  },
  "tombstone:adventure/neighborhood_brawl": {
    "criteria": {
      "coded_trigger": "2024-10-08 20:28:46 +0000"
    },
    "done": true
  },
  "comforts:hammock_white": {
    "criteria": {
      "has_the_recipe": "2024-10-07 19:23:08 +0000"
    },
    "done": true
  },
  "pokecube_mobs:kill/kill_yungoos": {
    "criteria": {
      "kill_yungoos": "2024-10-09 06:15:13 +0000"
    },
    "done": true
  },
  "comforts:hammock_cyan_from_white": {
    "criteria": {
      "has_the_recipe": "2024-10-07 19:23:08 +0000"
    },
    "done": true
  },
  "comforts:hammock_black": {
    "criteria": {
      "has_the_recipe": "2024-10-07 19:23:08 +0000"
    },
    "done": true
  },
  "comforts:sleeping_bag_green_from_white": {
    "criteria": {
      "has_the_recipe": "2024-10-07 19:23:08 +0000"
    },
    "done": true
  },
  "comforts:sleeping_bag_light_blue": {
    "criteria": {
      "has_the_recipe": "2024-10-07 19:23:08 +0000"
    },
    "done": true
  },
  "comforts:sleeping_bag_lime": {
    "criteria": {
      "has_the_recipe": "2024-10-07 19:23:08 +0000"
    },
    "done": true
  },
  "pokecube_mobs:capture/catch_scyther": {
    "criteria": {
      "catch_scyther": "2024-10-08 20:07:25 +0000"
    },
    "done": true
  },
  "pokecube_mobs:kill/kill_gastly": {
    "criteria": {
      "kill_gastly": "2024-10-09 23:34:19 +0000"
    },
    "done": true
  },
  "pokecube_mobs:kill/kill_bidoof": {
    "criteria": {
      "kill_bidoof": "2024-10-09 06:15:08 +0000"
    },
    "done": true
  },
  "pokecube_mobs:kill/kill_plusle": {
    "criteria": {
      "kill_plusle": "2024-10-12 03:55:09 +0000"
    },
    "done": true
  },
  "pokecube_mobs:capture/catch_scizor": {
    "criteria": {
      "catch_scizor": "2024-10-09 05:34:28 +0000"
    },
    "done": true
  },
  "comforts:sleeping_bag_lime_from_white": {
    "criteria": {
      "has_the_recipe": "2024-10-07 19:23:08 +0000"
    },
    "done": true
  },
  "tombstone:adventure/ashes_and_bones": {
    "criteria": {
      "coded_trigger": "2024-10-08 06:09:34 +0000"
    },
    "done": true
  },
  "comforts:sleeping_bag_black_from_white": {
    "criteria": {
      "has_the_recipe": "2024-10-07 19:23:08 +0000"
    },
    "done": true
  },
  "pyrologernfriends:pyrologer_and_friends": {
    "criteria": {
      "pyrologer_and_friends": "2024-10-07 19:23:08 +0000"
    },
    "done": true
  },
  "pokecube_mobs:capture/catch_cyclizar": {
    "criteria": {
      "catch_cyclizar": "2024-10-08 22:06:14 +0000"
    },
    "done": true
  },
  "pokecube_mobs:kill/kill_miltank": {
    "criteria": {
      "kill_miltank": "2024-10-09 05:00:03 +0000"
    },
    "done": true
  },
  "pokecube_mobs:kill/kill_raikou": {
    "criteria": {
      "kill_raikou": "2024-10-09 05:45:37 +0000"
    },
    "done": true
  },
  "pokecube_mobs:kill/kill_sneasel": {
    "criteria": {
      "kill_sneasel": "2024-10-09 23:46:27 +0000"
    },
    "done": true
  },
  "pokecube_mobs:capture/catch_paras": {
    "criteria": {
      "catch_paras": "2024-10-08 21:44:03 +0000"
    },
    "done": true
  },
  "comforts:hammock_light_blue_from_white": {
    "criteria": {
      "has_the_recipe": "2024-10-07 19:23:08 +0000"
    },
    "done": true
  },
  "pokecube_mobs:capture/catch_foongus": {
    "criteria": {
      "catch_foongus": "2024-10-08 06:59:35 +0000"
    },
    "done": true
  },
  "pokecube_mobs:kill/kill_zigzagoon": {
    "criteria": {
      "kill_zigzagoon": "2024-10-09 23:01:58 +0000"
    },
    "done": true
  },
  "comforts:sleeping_bag_black": {
    "criteria": {
      "has_the_recipe": "2024-10-07 19:23:08 +0000"
    },
    "done": true
  },
  "pokecube_mobs:kill/kill_nickit": {
    "criteria": {
      "kill_nickit": "2024-10-08 20:10:15 +0000"
    },
    "done": true
  },
  "pokecube_mobs:kill/kill_darumaka-galar": {
    "criteria": {
      "kill_darumaka-galar": "2024-10-08 20:10:13 +0000"
    },
    "done": true
  },
  "pokecube_mobs:kill/kill_sentret": {
    "criteria": {
      "kill_sentret": "2024-10-12 03:55:02 +0000"
    },
    "done": true
  },
  "pokecube_mobs:capture/catch_poliwag": {
    "criteria": {
      "catch_poliwag": "2024-10-08 07:28:44 +0000"
    },
    "done": true
  },
  "pokecube_mobs:kill/kill_gossifleur": {
    "criteria": {
      "kill_gossifleur": "2024-10-09 23:39:44 +0000"
    },
    "done": true
  },
  "pokecube_mobs:kill/kill_grookey": {
    "criteria": {
      "kill_grookey": "2024-10-09 23:30:23 +0000"
    },
    "done": true
  },
  "comforts:hammock_red_from_white": {
    "criteria": {
      "has_the_recipe": "2024-10-07 19:23:08 +0000"
    },
    "done": true
  },
  "comforts:hammock_yellow": {
    "criteria": {
      "has_the_recipe": "2024-10-07 19:23:08 +0000"
    },
    "done": true
  },
  "vanillatweaks:tpa": {
    "criteria": {
      "tick": "2024-10-08 05:17:34 +0000"
    },
    "done": true
  },
  "pokecube_mobs:hatch/hatch_growlithe": {
    "criteria": {
      "hatch_growlithe": "2024-10-08 20:35:39 +0000"
    },
    "done": true
  },
  "comforts:hammock_cyan": {
    "criteria": {
      "has_the_recipe": "2024-10-07 19:23:08 +0000"
    },
    "done": true
  },
  "pokecube_mobs:capture/catch_growlithe-hisui": {
    "criteria": {
      "catch_growlithe-hisui": "2024-10-08 21:57:26 +0000"
    },
    "done": true
  },
  "pokecube_mobs:kill/kill_vullaby": {
    "criteria": {
      "kill_vullaby": "2024-10-08 21:57:47 +0000"
    },
    "done": true
  },
  "pokecube_mobs:kill/kill_minun": {
    "criteria": {
      "kill_minun": "2024-10-09 05:35:49 +0000"
    },
    "done": true
  },
  "comforts:sleeping_bag_purple": {
    "criteria": {
      "has_the_recipe": "2024-10-07 19:23:08 +0000"
    },
    "done": true
  },
  "comforts:hammock_pink_from_white": {
    "criteria": {
      "has_the_recipe": "2024-10-07 19:23:08 +0000"
    },
    "done": true
  },
  "minecraft:story/deflect_arrow": {
    "criteria": {
      "deflected_projectile": "2024-10-08 05:59:00 +0000"
    },
    "done": true
  },
  "pokecube_mobs:kill/kill_chimecho": {
    "criteria": {
      "kill_chimecho": "2024-10-08 21:47:13 +0000"
    },
    "done": true
  },
  "pokecube_mobs:kill/kill_pawmi": {
    "criteria": {
      "kill_pawmi": "2024-10-08 20:42:53 +0000"
    },
    "done": true
  },
  "pokecube_mobs:capture/catch_vulpix-alola": {
    "criteria": {
      "catch_vulpix-alola": "2024-10-08 21:59:58 +0000"
    },
    "done": true
  },
  "pokecube_mobs:kill/kill_geodude-alola": {
    "criteria": {
      "kill_geodude-alola": "2024-10-08 21:31:22 +0000"
    },
    "done": true
  },
  "comforts:sleeping_bag_purple_from_white": {
    "criteria": {
      "has_the_recipe": "2024-10-07 19:23:08 +0000"
    },
    "done": true
  },
  "pokecube_mobs:kill/kill_bouffalant": {
    "criteria": {
      "kill_bouffalant": "2024-10-09 23:51:48 +0000"
    },
    "done": true
  },
  "tombstone:adventure/root": {
    "criteria": {
      "auto": "2024-10-07 19:23:08 +0000"
    },
    "done": true
  },
  "tombstone:adventure/bone_crusher": {
    "criteria": {
      "coded_trigger": "2024-10-08 06:51:14 +0000"
    },
    "done": true
  },
  "comforts:sleeping_bag_yellow": {
    "criteria": {
      "has_the_recipe": "2024-10-07 19:23:08 +0000"
    },
    "done": true
  },
  "tombstone:adventure/chain_death": {
    "criteria": {
      "coded_trigger": "2024-10-09 05:02:40 +0000"
    },
    "done": true
  },
  "pokecube_mobs:kill/kill_hatterene": {
    "criteria": {
      "kill_hatterene": "2024-10-09 06:22:16 +0000"
    },
    "done": true
  },
  "pokecube_mobs:kill/kill_chingling": {
    "criteria": {
      "kill_chingling": "2024-10-08 20:18:50 +0000"
    },
    "done": true
  },
  "comforts:hammock_light_gray": {
    "criteria": {
      "has_the_recipe": "2024-10-07 19:23:08 +0000"
    },
    "done": true
  },
  "tombstone:adventure/find_grave_dust": {
    "criteria": {
      "from_undead": "2024-10-08 05:54:15 +0000"
    },
    "done": true
  },
  "pokecube_adventures:trainers/root": {
    "criteria": {
      "beat_trainer": "2024-10-09 06:27:21 +0000"
    },
    "done": true
  },
  "pokecube_mobs:kill/kill_rattata": {
    "criteria": {
      "kill_rattata": "2024-10-09 06:15:18 +0000"
    },
    "done": true
  },
  "comforts:hammock_purple": {
    "criteria": {
      "has_the_recipe": "2024-10-07 19:23:08 +0000"
    },
    "done": true
  },
  "minecraft:husbandry/balanced_diet": {
    "criteria": {
      "cooked_porkchop": "2024-10-08 05:55:15 +0000",
      "cooked_mutton": "2024-10-09 23:16:52 +0000",
      "cooked_beef": "2024-10-08 21:48:11 +0000",
      "baked_potato": "2024-10-08 07:25:40 +0000",
      "porkchop": "2024-10-08 21:23:29 +0000",
      "pumpkin_pie": "2024-10-09 05:48:45 +0000",
      "bread": "2024-10-08 06:25:45 +0000",
      "rotten_flesh": "2024-10-08 07:09:38 +0000",
      "cooked_rabbit": "2024-10-08 06:04:53 +0000",
      "cooked_chicken": "2024-10-08 05:30:26 +0000"
    },
    "done": false
  },
  "comforts:sleeping_bag_orange_from_white": {
    "criteria": {
      "has_the_recipe": "2024-10-07 19:23:08 +0000"
    },
    "done": true
  },
  "comforts:hammock_yellow_from_white": {
    "criteria": {
      "has_the_recipe": "2024-10-07 19:23:08 +0000"
    },
    "done": true
  },
  "tombstone:recipes/from_grave_key": {
    "criteria": {
      "has_ingredient": "2024-10-08 06:00:46 +0000"
    },
    "done": true
  },
  "pokecube_mobs:kill/kill_taillow": {
    "criteria": {
      "kill_taillow": "2024-10-08 21:21:36 +0000"
    },
    "done": true
  },
  "pokecube_mobs:kill/kill_torkoal": {
    "criteria": {
      "kill_torkoal": "2024-10-08 20:10:31 +0000"
    },
    "done": true
  },
  "pokecube_mobs:kill/kill_patrat": {
    "criteria": {
      "kill_patrat": "2024-10-09 23:55:35 +0000"
    },
    "done": true
  },
  "comforts:sleeping_bag_blue_from_white": {
    "criteria": {
      "has_the_recipe": "2024-10-07 19:23:08 +0000"
    },
    "done": true
  },
  "pokecube_mobs:kill/kill_fletchling": {
    "criteria": {
      "kill_fletchling": "2024-10-08 20:24:18 +0000"
    },
    "done": true
  },
  "comforts:sleeping_bag_green": {
    "criteria": {
      "has_the_recipe": "2024-10-07 19:23:08 +0000"
    },
    "done": true
  },
  "pokecube_mobs:kill/kill_tinkatink": {
    "criteria": {
      "kill_tinkatink": "2024-10-12 04:01:12 +0000"
    },
    "done": true
  },
  "comforts:hammock_lime": {
    "criteria": {
      "has_the_recipe": "2024-10-07 19:23:08 +0000"
    },
    "done": true
  },
  "pokecube_mobs:kill/kill_jynx": {
    "criteria": {
      "kill_jynx": "2024-10-09 05:57:54 +0000"
    },
    "done": true
  },
  "comforts:sleeping_bag_brown_from_white": {
    "criteria": {
      "has_the_recipe": "2024-10-07 19:23:08 +0000"
    },
    "done": true
  },
  "vanillatweaks:root": {
    "criteria": {
      "tick": "2024-10-08 05:17:34 +0000"
    },
    "done": true
  },
  "pokecube_mobs:kill/kill_vulpix-alola": {
    "criteria": {
      "kill_vulpix-alola": "2024-10-08 20:21:14 +0000"
    },
    "done": true
  },
  "minecraft:story/iron_tools": {
    "criteria": {
      "iron_pickaxe": "2024-10-08 05:28:21 +0000"
    },
    "done": true
  },
  "pokecube_mobs:kill/kill_sunkern": {
    "criteria": {
      "kill_sunkern": "2024-10-09 06:12:59 +0000"
    },
    "done": true
  },
  "comforts:sleeping_bag_white": {
    "criteria": {
      "has_the_recipe": "2024-10-07 19:23:08 +0000"
    },
    "done": true
  },
  "pokecube_mobs:kill/kill_mr-mime-galar": {
    "criteria": {
      "kill_mr-mime-galar": "2024-10-08 20:44:23 +0000"
    },
    "done": true
  },
  "comforts:hammock_light_gray_from_white": {
    "criteria": {
      "has_the_recipe": "2024-10-07 19:23:08 +0000"
    },
    "done": true
  },
  "comforts:sleeping_bag_pink": {
    "criteria": {
      "has_the_recipe": "2024-10-07 19:23:08 +0000"
    },
    "done": true
  },
  "comforts:sleeping_bag_brown": {
    "criteria": {
      "has_the_recipe": "2024-10-07 19:23:08 +0000"
    },
    "done": true
  },
  "comforts:sleeping_bag_gray": {
    "criteria": {
      "has_the_recipe": "2024-10-07 19:23:08 +0000"
    },
    "done": true
  },
  "pokecube_mobs:kill/kill_mareep": {
    "criteria": {
      "kill_mareep": "2024-10-09 06:19:53 +0000"
    },
    "done": true
  },
  "pokecube_mobs:kill/kill_koffing": {
    "criteria": {
      "kill_koffing": "2024-10-09 23:26:34 +0000"
    },
    "done": true
  },
  "comforts:sleeping_bag_light_blue_from_white": {
    "criteria": {
      "has_the_recipe": "2024-10-07 19:23:08 +0000"
    },
    "done": true
  },
  "tombstone:adventure/first_grave": {
    "criteria": {
      "coded_trigger": "2024-10-08 06:00:43 +0000"
    },
    "done": true
  },
  "minecraft:story/root": {
    "criteria": {
      "crafting_table": "2024-10-08 21:14:58 +0000"
    },
    "done": true
  },
  "pokecube_mobs:capture/catch_snivy": {
    "criteria": {
      "catch_snivy": "2024-10-09 05:18:00 +0000"
    },
    "done": true
  },
  "tombstone:adventure/fortuitous_militia": {
    "criteria": {
      "coded_trigger": "2024-10-09 05:47:41 +0000"
    },
    "done": true
  },
  "pokecube_mobs:kill/kill_stonjourner": {
    "criteria": {
      "kill_stonjourner": "2024-10-12 03:57:22 +0000"
    },
    "done": true
  },
  "pokecube_mobs:kill/kill_farfetchd-galar": {
    "criteria": {
      "kill_farfetchd-galar": "2024-10-10 20:50:34 +0000"
    },
    "done": true
  },
  "pokecube_mobs:capture/catch_absol": {
    "criteria": {
      "catch_absol": "2024-10-08 19:20:56 +0000"
    },
    "done": true
  },
  "pokecube_mobs:kill/kill_snover": {
    "criteria": {
      "kill_snover": "2024-10-08 20:44:35 +0000"
    },
    "done": true
  },
  "artifacts:amateur_archaeologist": {
    "criteria": {
      "find_artifact": "2024-10-08 05:25:44 +0000"
    },
    "done": true
  },
  "comforts:hammock_light_blue": {
    "criteria": {
      "has_the_recipe": "2024-10-07 19:23:08 +0000"
    },
    "done": true
  },
  "comforts:rope_and_nail": {
    "criteria": {
      "has_the_recipe": "2024-10-07 19:23:08 +0000"
    },
    "done": true
  },
  "artifacts:chest_slayer": {
    "criteria": {
      "kill_mimic": "2024-10-08 06:22:13 +0000"
    },
    "done": true
  },
  "comforts:hammock_magenta": {
    "criteria": {
      "has_the_recipe": "2024-10-07 19:23:08 +0000"
    },
    "done": true
  },
  "pokecube_mobs:kill/kill_starly": {
    "criteria": {
      "kill_starly": "2024-10-08 20:24:21 +0000"
    },
    "done": true
  },
  "pokecube_mobs:kill/kill_snom": {
    "criteria": {
      "kill_snom": "2024-10-08 20:42:50 +0000"
    },
    "done": true
  },
  "pokecube_mobs:kill/kill_rolycoly": {
    "criteria": {
      "kill_rolycoly": "2024-10-08 21:30:43 +0000"
    },
    "done": true
  },
  "comforts:sleeping_bag_red": {
    "criteria": {
      "has_the_recipe": "2024-10-07 19:23:08 +0000"
    },
    "done": true
  },
  "comforts:sleeping_bag_red_from_white": {
    "criteria": {
      "has_the_recipe": "2024-10-07 19:23:08 +0000"
    },
    "done": true
  },
  "minecraft:adventure/kill_a_mob": {
    "criteria": {
      "minecraft:zombie": "2024-10-08 05:23:55 +0000"
    },
    "done": true
  },
  "comforts:sleeping_bag_magenta_from_white": {
    "criteria": {
      "has_the_recipe": "2024-10-07 19:23:08 +0000"
    },
    "done": true
  },
  "minecraft:story/obtain_armor": {
    "criteria": {
      "iron_boots": "2024-10-08 06:22:33 +0000"
    },
    "done": true
  },
  "comforts:hammock_magenta_from_white": {
    "criteria": {
      "has_the_recipe": "2024-10-07 19:23:08 +0000"
    },
    "done": true
  },
  "comforts:sleeping_bag_blue": {
    "criteria": {
      "has_the_recipe": "2024-10-07 19:23:08 +0000"
    },
    "done": true
  },
  "comforts:hammock_brown_from_white": {
    "criteria": {
      "has_the_recipe": "2024-10-07 19:23:08 +0000"
    },
    "done": true
  },
  "tombstone:recipes/from_grave_dust": {
    "criteria": {
      "has_ingredient": "2024-10-08 05:54:15 +0000"
    },
    "done": true
  },
  "pokecube_mobs:kill/kill_geodude": {
    "criteria": {
      "kill_geodude": "2024-10-08 20:10:20 +0000"
    },
    "done": true
  },
  "minecraft:nether/obtain_blaze_rod": {
    "criteria": {
      "blaze_rod": "2024-10-08 07:41:34 +0000"
    },
    "done": true
  },
  "pokecube_mobs:kill/kill_oricorio-pau": {
    "criteria": {
      "kill_oricorio-pau": "2024-10-08 20:23:59 +0000"
    },
    "done": true
  },
  "minecraft:story/mine_stone": {
    "criteria": {
      "get_stone": "2024-10-08 05:33:12 +0000"
    },
    "done": true
  },
  "pokecube_mobs:hatch/hatch_geodude": {
    "criteria": {
      "hatch_geodude": "2024-10-09 05:55:27 +0000"
    },
    "done": true
  },
  "pokecube_mobs:kill/kill_oddish": {
    "criteria": {
      "kill_oddish": "2024-10-10 21:30:27 +0000"
    },
    "done": true
  },
  "pokecube_mobs:kill/kill_roggenrola": {
    "criteria": {
      "kill_roggenrola": "2024-10-08 20:16:34 +0000"
    },
    "done": true
  },
  "tombstone:adventure/create_magic_scroll": {
    "criteria": {
      "has_magic_scroll": "2024-10-08 06:46:04 +0000"
    },
    "done": true
  },
  "minecraft:adventure/adventuring_time": {
    "criteria": {
      "minecraft:snowy_slopes": "2024-10-08 06:04:22 +0000",
      "minecraft:birch_forest": "2024-10-09 05:41:39 +0000",
      "minecraft:dark_forest": "2024-10-10 21:21:04 +0000",
      "minecraft:river": "2024-10-08 05:51:38 +0000",
      "minecraft:dripstone_caves": "2024-10-08 05:51:47 +0000",
      "minecraft:jagged_peaks": "2024-10-08 06:50:34 +0000",
      "minecraft:forest": "2024-10-08 07:54:06 +0000",
      "minecraft:old_growth_birch_forest": "2024-10-10 21:21:16 +0000",
      "minecraft:meadow": "2024-10-08 05:33:09 +0000",
      "minecraft:plains": "2024-10-07 19:23:08 +0000"
    },
    "done": false
  },
  "comforts:hammock_blue_from_white": {
    "criteria": {
      "has_the_recipe": "2024-10-07 19:23:08 +0000"
    },
    "done": true
  },
  "tombstone:adventure/strong_or_careful": {
    "criteria": {
      "coded_trigger": "2024-10-08 06:00:43 +0000"
    },
    "done": true
  },
  "minecraft:adventure/sleep_in_bed": {
    "criteria": {
      "slept_in_bed": "2024-10-07 19:23:35 +0000"
    },
    "done": true
  },
  "pokecube_mobs:kill/kill_pidgey": {
    "criteria": {
      "kill_pidgey": "2024-10-09 06:19:01 +0000"
    },
    "done": true
  },
  "comforts:sleeping_bag_gray_from_white": {
    "criteria": {
      "has_the_recipe": "2024-10-07 19:23:08 +0000"
    },
    "done": true
  },
  "minecraft:story/lava_bucket": {
    "criteria": {
      "lava_bucket": "2024-10-08 20:22:14 +0000"
    },
    "done": true
  },
  "pokecube_mobs:capture/catch_mudkip": {
    "criteria": {
      "catch_mudkip": "2024-10-08 21:57:03 +0000"
    },
    "done": true
  },
  "comforts:sleeping_bag_orange": {
    "criteria": {
      "has_the_recipe": "2024-10-07 19:23:08 +0000"
    },
    "done": true
  },
  "minecraft:husbandry/root": {
    "criteria": {
      "consumed_item": "2024-10-08 05:30:26 +0000"
    },
    "done": true
  },
  "pokecube_mobs:kill/kill_swinub": {
    "criteria": {
      "kill_swinub": "2024-10-08 20:42:31 +0000"
    },
    "done": true
  },
  "pokecube_mobs:kill/kill_tandemaus": {
    "criteria": {
      "kill_tandemaus": "2024-10-09 06:19:43 +0000"
    },
    "done": true
  },
  "comforts:sleeping_bag_cyan": {
    "criteria": {
      "has_the_recipe": "2024-10-07 19:23:08 +0000"
    },
    "done": true
  },
  "pokecube_mobs:kill/kill_hoppip": {
    "criteria": {
      "kill_hoppip": "2024-10-09 06:26:26 +0000"
    },
    "done": true
  },
  "pokecube_mobs:kill/kill_sawk": {
    "criteria": {
      "kill_sawk": "2024-10-10 21:27:14 +0000"
    },
    "done": true
  },
  "pokecube_mobs:kill/kill_tynamo": {
    "criteria": {
      "kill_tynamo": "2024-10-10 22:08:17 +0000"
    },
    "done": true
  },
  "comforts:hammock_purple_from_white": {
    "criteria": {
      "has_the_recipe": "2024-10-07 19:23:08 +0000"
    },
    "done": true
  },
  "vanillatweaks:name_colors": {
    "criteria": {
      "tick": "2024-10-08 05:17:34 +0000"
    },
    "done": true
  },
  "tombstone:adventure/easy_opening": {
    "criteria": {
      "coded_trigger": "2024-10-09 07:28:16 +0000"
    },
    "done": true
  },
  "minecraft:adventure/root": {
    "criteria": {
      "killed_something": "2024-10-08 05:23:55 +0000"
    },
    "done": true
  },
  "pokecube_mobs:kill/kill_vulpix": {
    "criteria": {
      "kill_vulpix": "2024-10-09 05:22:13 +0000"
    },
    "done": true
  },
  "comforts:sleeping_bag_pink_from_white": {
    "criteria": {
      "has_the_recipe": "2024-10-07 19:23:08 +0000"
    },
    "done": true
  },
  "minecraft:adventure/shoot_arrow": {
    "criteria": {
      "shot_arrow": "2024-10-08 05:55:20 +0000"
    },
    "done": true
  },
  "comforts:hammock_red": {
    "criteria": {
      "has_the_recipe": "2024-10-07 19:23:08 +0000"
    },
    "done": true
  },
  "pokecube_mobs:capture/catch_gothita": {
    "criteria": {
      "catch_gothita": "2024-10-12 04:03:58 +0000"
    },
    "done": true
  },
  "pokecube_mobs:kill/kill_exeggcute": {
    "criteria": {
      "kill_exeggcute": "2024-10-09 06:26:07 +0000"
    },
    "done": true
  },
  "comforts:hammock_black_from_white": {
    "criteria": {
      "has_the_recipe": "2024-10-07 19:23:08 +0000"
    },
    "done": true
  },
  "comforts:sleeping_bag_yellow_from_white": {
    "criteria": {
      "has_the_recipe": "2024-10-07 19:23:08 +0000"
    },
    "done": true
  },
  "comforts:hammock_gray_from_white": {
    "criteria": {
      "has_the_recipe": "2024-10-07 19:23:08 +0000"
    },
    "done": true
  },
  "pokecube_mobs:kill/kill_wooloo": {
    "criteria": {
      "kill_wooloo": "2024-10-09 05:36:10 +0000"
    },
    "done": true
  },
  "minecraft:adventure/kill_all_mobs": {
    "criteria": {
      "minecraft:pillager": "2024-10-08 22:23:33 +0000",
      "minecraft:skeleton": "2024-10-08 05:55:53 +0000",
      "minecraft:ravager": "2024-10-09 05:49:39 +0000",
      "minecraft:vindicator": "2024-10-09 05:01:25 +0000",
      "minecraft:spider": "2024-10-08 05:58:26 +0000",
      "minecraft:creeper": "2024-10-08 06:44:20 +0000",
      "minecraft:cave_spider": "2024-10-08 06:37:21 +0000",
      "minecraft:silverfish": "2024-10-08 06:45:02 +0000",
      "minecraft:enderman": "2024-10-09 05:06:19 +0000",
      "minecraft:zombie": "2024-10-08 05:23:55 +0000",
      "minecraft:drowned": "2024-10-08 07:07:06 +0000"
    },
    "done": false
  },
  "pokecube_mobs:kill/kill_zubat": {
    "criteria": {
      "kill_zubat": "2024-10-09 06:19:42 +0000"
    },
    "done": true
  },
  "pokecube_adventures:trainers/defeat_trainer": {
    "criteria": {
      "beat_trainer": "2024-10-09 06:27:21 +0000"
    },
    "done": true
  },
  "minecraft:adventure/trade": {
    "criteria": {
      "traded": "2024-10-08 20:41:09 +0000"
    },
    "done": true
  },
  "comforts:hammock_green_from_white": {
    "criteria": {
      "has_the_recipe": "2024-10-07 19:23:08 +0000"
    },
    "done": true
  },
  "comforts:hammock_orange": {
    "criteria": {
      "has_the_recipe": "2024-10-07 19:23:08 +0000"
    },
    "done": true
  },
  "comforts:hammock_lime_from_white": {
    "criteria": {
      "has_the_recipe": "2024-10-07 19:23:08 +0000"
    },
    "done": true
  },
  "comforts:hammock_pink": {
    "criteria": {
      "has_the_recipe": "2024-10-07 19:23:08 +0000"
    },
    "done": true
  },
  "comforts:hammock_orange_from_white": {
    "criteria": {
      "has_the_recipe": "2024-10-07 19:23:08 +0000"
    },
    "done": true
  },
  "comforts:sleeping_bag_magenta": {
    "criteria": {
      "has_the_recipe": "2024-10-07 19:23:08 +0000"
    },
    "done": true
  },
  "minecraft:adventure/voluntary_exile": {
    "criteria": {
      "voluntary_exile": "2024-10-08 22:23:36 +0000"
    },
    "done": true
  },
  "pokecube_mobs:kill/kill_snorunt": {
    "criteria": {
      "kill_snorunt": "2024-10-08 22:22:49 +0000"
    },
    "done": true
  },
  "comforts:sleeping_bag_cyan_from_white": {
    "criteria": {
      "has_the_recipe": "2024-10-07 19:23:08 +0000"
    },
    "done": true
  },
  "comforts:sleeping_bag_light_gray_from_white": {
    "criteria": {
      "has_the_recipe": "2024-10-07 19:23:08 +0000"
    },
    "done": true
  },
  "pokecube_mobs:kill/kill_cutiefly": {
    "criteria": {
      "kill_cutiefly": "2024-10-09 06:06:39 +0000"
    },
    "done": true
  },
  "pokecube_mobs:kill/kill_diglett": {
    "criteria": {
      "kill_diglett": "2024-10-09 23:28:47 +0000"
    },
    "done": true
  },
  "minecraft:story/mine_diamond": {
    "criteria": {
      "diamond": "2024-10-08 05:42:07 +0000"
    },
    "done": true
  },
  "tombstone:adventure/first_knowledge": {
    "criteria": {
      "coded_trigger": "2024-10-08 06:00:43 +0000"
    },
    "done": true
  },
  "comforts:hammock_brown": {
    "criteria": {
      "has_the_recipe": "2024-10-07 19:23:08 +0000"
    },
    "done": true
  },
  "pokecube_mobs:kill/kill_bergmite": {
    "criteria": {
      "kill_bergmite": "2024-10-08 22:22:45 +0000"
    },
    "done": true
  },
  "pokecube_mobs:capture/catch_zorua-hisui": {
    "criteria": {
      "catch_zorua-hisui": "2024-10-08 22:00:00 +0000"
    },
    "done": true
  },
  "comforts:hammock_blue": {
    "criteria": {
      "has_the_recipe": "2024-10-07 19:23:08 +0000"
    },
    "done": true
  },
  "pokecube_mobs:kill/kill_scatterbug": {
    "criteria": {
      "kill_scatterbug": "2024-10-08 20:21:34 +0000"
    },
    "done": true
  },
  "comforts:hammock_green": {
    "criteria": {
      "has_the_recipe": "2024-10-07 19:23:08 +0000"
    },
    "done": true
  },
  "minecraft:story/smelt_iron": {
    "criteria": {
      "iron": "2024-10-08 05:36:50 +0000"
    },
    "done": true
  },
  "comforts:hammock_gray": {
    "criteria": {
      "has_the_recipe": "2024-10-07 19:23:08 +0000"
    },
    "done": true
  },
  "pokecube_mobs:kill/kill_magmar": {
    "criteria": {
      "kill_magmar": "2024-10-09 23:24:49 +0000"
    },
    "done": true
  },
  "minecraft:husbandry/tame_an_animal": {
    "criteria": {
      "tamed_animal": "2024-10-07 19:24:42 +0000"
    },
    "done": true
  },
  "tombstone:adventure/ambush": {
    "criteria": {
      "coded_trigger": "2024-10-08 07:29:45 +0000"
    },
    "done": true
  },
  "DataVersion": 2975
}