{
  "comforts:sleeping_bag_light_gray": {
    "criteria": {
      "has_the_recipe": "2024-10-08 05:17:28 +0000"
    },
    "done": true
  },
  "comforts:hammock_white": {
    "criteria": {
      "has_the_recipe": "2024-10-08 05:17:28 +0000"
    },
    "done": true
  },
  "comforts:hammock_cyan_from_white": {
    "criteria": {
      "has_the_recipe": "2024-10-08 05:17:28 +0000"
    },
    "done": true
  },
  "comforts:hammock_black": {
    "criteria": {
      "has_the_recipe": "2024-10-08 05:17:28 +0000"
    },
    "done": true
  },
  "comforts:sleeping_bag_green_from_white": {
    "criteria": {
      "has_the_recipe": "2024-10-08 05:17:28 +0000"
    },
    "done": true
  },
  "comforts:sleeping_bag_light_blue": {
    "criteria": {
      "has_the_recipe": "2024-10-08 05:17:28 +0000"
    },
    "done": true
  },
  "comforts:sleeping_bag_lime": {
    "criteria": {
      "has_the_recipe": "2024-10-08 05:17:28 +0000"
    },
    "done": true
  },
  "pokecube_mobs:kill/kill_plusle": {
    "criteria": {
      "kill_plusle": "2024-10-08 07:35:21 +0000"
    },
    "done": true
  },
  "comforts:sleeping_bag_lime_from_white": {
    "criteria": {
      "has_the_recipe": "2024-10-08 05:17:28 +0000"
    },
    "done": true
  },
  "tombstone:adventure/ashes_and_bones": {
    "criteria": {
      "coded_trigger": "2024-10-08 06:44:22 +0000"
    },
    "done": true
  },
  "comforts:sleeping_bag_black_from_white": {
    "criteria": {
      "has_the_recipe": "2024-10-08 05:17:28 +0000"
    },
    "done": true
  },
  "pyrologernfriends:pyrologer_and_friends": {
    "criteria": {
      "pyrologer_and_friends": "2024-10-08 05:17:27 +0000"
    },
    "done": true
  },
  "comforts:hammock_light_blue_from_white": {
    "criteria": {
      "has_the_recipe": "2024-10-08 05:17:28 +0000"
    },
    "done": true
  },
  "pokecube_mobs:kill/kill_varoom": {
    "criteria": {
      "kill_varoom": "2024-10-08 06:04:50 +0000"
    },
    "done": true
  },
  "pokecube_mobs:kill/kill_zigzagoon": {
    "criteria": {
      "kill_zigzagoon": "2024-10-08 07:39:42 +0000"
    },
    "done": true
  },
  "comforts:sleeping_bag_black": {
    "criteria": {
      "has_the_recipe": "2024-10-08 05:17:28 +0000"
    },
    "done": true
  },
  "pokecube_mobs:kill/root": {
    "criteria": {
      "get_first_pokemob": "2024-10-08 05:19:07 +0000"
    },
    "done": true
  },
  "comforts:hammock_red_from_white": {
    "criteria": {
      "has_the_recipe": "2024-10-08 05:17:28 +0000"
    },
    "done": true
  },
  "vanillatweaks:tpa": {
    "criteria": {
      "tick": "2024-10-08 05:17:28 +0000"
    },
    "done": true
  },
  "comforts:hammock_yellow": {
    "criteria": {
      "has_the_recipe": "2024-10-08 05:17:28 +0000"
    },
    "done": true
  },
  "pokecube_mobs:capture/catch_tinkatink": {
    "criteria": {
      "catch_tinkatink": "2024-10-08 06:33:55 +0000"
    },
    "done": true
  },
  "comforts:hammock_cyan": {
    "criteria": {
      "has_the_recipe": "2024-10-08 05:17:28 +0000"
    },
    "done": true
  },
  "comforts:sleeping_bag_purple": {
    "criteria": {
      "has_the_recipe": "2024-10-08 05:17:28 +0000"
    },
    "done": true
  },
  "comforts:hammock_pink_from_white": {
    "criteria": {
      "has_the_recipe": "2024-10-08 05:17:28 +0000"
    },
    "done": true
  },
  "minecraft:story/deflect_arrow": {
    "criteria": {
      "deflected_projectile": "2024-10-08 06:37:15 +0000"
    },
    "done": true
  },
  "pokecube_mobs:kill/kill_tentacool": {
    "criteria": {
      "kill_tentacool": "2024-10-08 05:23:36 +0000"
    },
    "done": true
  },
  "pokecube_mobs:capture/catch_togepi": {
    "criteria": {
      "catch_togepi": "2024-10-08 05:26:33 +0000"
    },
    "done": true
  },
  "comforts:sleeping_bag_purple_from_white": {
    "criteria": {
      "has_the_recipe": "2024-10-08 05:17:28 +0000"
    },
    "done": true
  },
  "pokecube_mobs:kill/kill_bouffalant": {
    "criteria": {
      "kill_bouffalant": "2024-10-08 05:51:22 +0000"
    },
    "done": true
  },
  "tombstone:adventure/root": {
    "criteria": {
      "auto": "2024-10-08 05:17:28 +0000"
    },
    "done": true
  },
  "comforts:sleeping_bag_yellow": {
    "criteria": {
      "has_the_recipe": "2024-10-08 05:17:28 +0000"
    },
    "done": true
  },
  "comforts:hammock_light_gray": {
    "criteria": {
      "has_the_recipe": "2024-10-08 05:17:28 +0000"
    },
    "done": true
  },
  "tombstone:adventure/find_grave_dust": {
    "criteria": {
      "from_undead": "2024-10-08 06:11:38 +0000"
    },
    "done": true
  },
  "comforts:hammock_purple": {
    "criteria": {
      "has_the_recipe": "2024-10-08 05:17:28 +0000"
    },
    "done": true
  },
  "minecraft:husbandry/balanced_diet": {
    "criteria": {
      "cooked_porkchop": "2024-10-08 05:35:17 +0000",
      "cooked_beef": "2024-10-08 07:46:16 +0000",
      "baked_potato": "2024-10-08 07:25:29 +0000",
      "potato": "2024-10-08 07:23:39 +0000",
      "bread": "2024-10-08 05:57:56 +0000",
      "cookie": "2024-10-08 07:44:19 +0000",
      "cooked_chicken": "2024-10-08 05:59:00 +0000"
    },
    "done": false
  },
  "comforts:sleeping_bag_orange_from_white": {
    "criteria": {
      "has_the_recipe": "2024-10-08 05:17:28 +0000"
    },
    "done": true
  },
  "comforts:hammock_yellow_from_white": {
    "criteria": {
      "has_the_recipe": "2024-10-08 05:17:28 +0000"
    },
    "done": true
  },
  "tombstone:recipes/from_grave_key": {
    "criteria": {
      "has_ingredient": "2024-10-08 05:59:53 +0000"
    },
    "done": true
  },
  "comforts:sleeping_bag_blue_from_white": {
    "criteria": {
      "has_the_recipe": "2024-10-08 05:17:28 +0000"
    },
    "done": true
  },
  "pokecube_mobs:kill/kill_goldeen": {
    "criteria": {
      "kill_goldeen": "2024-10-08 05:53:09 +0000"
    },
    "done": true
  },
  "comforts:sleeping_bag_green": {
    "criteria": {
      "has_the_recipe": "2024-10-08 05:17:28 +0000"
    },
    "done": true
  },
  "comforts:hammock_lime": {
    "criteria": {
      "has_the_recipe": "2024-10-08 05:17:28 +0000"
    },
    "done": true
  },
  "vanillatweaks:root": {
    "criteria": {
      "tick": "2024-10-08 05:17:28 +0000"
    },
    "done": true
  },
  "comforts:sleeping_bag_brown_from_white": {
    "criteria": {
      "has_the_recipe": "2024-10-08 05:17:28 +0000"
    },
    "done": true
  },
  "minecraft:story/iron_tools": {
    "criteria": {
      "iron_pickaxe": "2024-10-08 05:29:36 +0000"
    },
    "done": true
  },
  "comforts:sleeping_bag_white": {
    "criteria": {
      "has_the_recipe": "2024-10-08 05:17:28 +0000"
    },
    "done": true
  },
  "comforts:hammock_light_gray_from_white": {
    "criteria": {
      "has_the_recipe": "2024-10-08 05:17:28 +0000"
    },
    "done": true
  },
  "comforts:sleeping_bag_pink": {
    "criteria": {
      "has_the_recipe": "2024-10-08 05:17:28 +0000"
    },
    "done": true
  },
  "comforts:sleeping_bag_brown": {
    "criteria": {
      "has_the_recipe": "2024-10-08 05:17:28 +0000"
    },
    "done": true
  },
  "comforts:sleeping_bag_gray": {
    "criteria": {
      "has_the_recipe": "2024-10-08 05:17:28 +0000"
    },
    "done": true
  },
  "comforts:sleeping_bag_light_blue_from_white": {
    "criteria": {
      "has_the_recipe": "2024-10-08 05:17:28 +0000"
    },
    "done": true
  },
  "pokecube_mobs:capture/catch_snivy": {
    "criteria": {
      "catch_snivy": "2024-10-08 05:19:07 +0000"
    },
    "done": true
  },
  "minecraft:story/root": {
    "criteria": {
      "crafting_table": "2024-10-08 05:36:26 +0000"
    },
    "done": true
  },
  "tombstone:adventure/first_grave": {
    "criteria": {
      "coded_trigger": "2024-10-08 05:59:51 +0000"
    },
    "done": true
  },
  "pokecube_legends:root": {
    "criteria": {
      "get_first_pokemob": "2024-10-08 05:19:07 +0000"
    },
    "done": true
  },
  "pokecube_mobs:capture/get_first_pokemob": {
    "criteria": {
      "get_first_pokemob": "2024-10-08 05:19:07 +0000"
    },
    "done": true
  },
  "artifacts:amateur_archaeologist": {
    "criteria": {
      "find_artifact": "2024-10-08 06:21:07 +0000"
    },
    "done": true
  },
  "pokecube_mobs:kill/kill_krabby": {
    "criteria": {
      "kill_krabby": "2024-10-08 05:26:55 +0000"
    },
    "done": true
  },
  "comforts:hammock_light_blue": {
    "criteria": {
      "has_the_recipe": "2024-10-08 05:17:28 +0000"
    },
    "done": true
  },
  "comforts:rope_and_nail": {
    "criteria": {
      "has_the_recipe": "2024-10-08 05:17:28 +0000"
    },
    "done": true
  },
  "artifacts:chest_slayer": {
    "criteria": {
      "kill_mimic": "2024-10-08 06:26:39 +0000"
    },
    "done": true
  },
  "comforts:hammock_magenta": {
    "criteria": {
      "has_the_recipe": "2024-10-08 05:17:28 +0000"
    },
    "done": true
  },
  "pokecube_mobs:hatch/root": {
    "criteria": {
      "get_first_pokemob": "2024-10-08 05:19:06 +0000"
    },
    "done": true
  },
  "pokecube_mobs:capture/catch_flaaffy": {
    "criteria": {
      "catch_flaaffy": "2024-10-08 05:27:02 +0000"
    },
    "done": true
  },
  "comforts:sleeping_bag_red": {
    "criteria": {
      "has_the_recipe": "2024-10-08 05:17:28 +0000"
    },
    "done": true
  },
  "comforts:sleeping_bag_red_from_white": {
    "criteria": {
      "has_the_recipe": "2024-10-08 05:17:28 +0000"
    },
    "done": true
  },
  "minecraft:adventure/kill_a_mob": {
    "criteria": {
      "minecraft:zombie": "2024-10-08 05:58:06 +0000"
    },
    "done": true
  },
  "comforts:sleeping_bag_magenta_from_white": {
    "criteria": {
      "has_the_recipe": "2024-10-08 05:17:28 +0000"
    },
    "done": true
  },
  "minecraft:story/obtain_armor": {
    "criteria": {
      "iron_leggings": "2024-10-08 07:22:32 +0000"
    },
    "done": true
  },
  "comforts:hammock_magenta_from_white": {
    "criteria": {
      "has_the_recipe": "2024-10-08 05:17:28 +0000"
    },
    "done": true
  },
  "comforts:sleeping_bag_blue": {
    "criteria": {
      "has_the_recipe": "2024-10-08 05:17:28 +0000"
    },
    "done": true
  },
  "comforts:hammock_brown_from_white": {
    "criteria": {
      "has_the_recipe": "2024-10-08 05:17:28 +0000"
    },
    "done": true
  },
  "pokecube_mobs:kill/kill_geodude": {
    "criteria": {
      "kill_geodude": "2024-10-08 05:58:28 +0000"
    },
    "done": true
  },
  "tombstone:recipes/from_grave_dust": {
    "criteria": {
      "has_ingredient": "2024-10-08 06:11:39 +0000"
    },
    "done": true
  },
  "minecraft:story/mine_stone": {
    "criteria": {
      "get_stone": "2024-10-08 05:52:31 +0000"
    },
    "done": true
  },
  "pokecube_mobs:kill/kill_roggenrola": {
    "criteria": {
      "kill_roggenrola": "2024-10-08 05:52:31 +0000"
    },
    "done": true
  },
  "minecraft:adventure/adventuring_time": {
    "criteria": {
      "minecraft:snowy_slopes": "2024-10-08 06:04:40 +0000",
      "minecraft:river": "2024-10-08 05:51:42 +0000",
      "minecraft:dripstone_caves": "2024-10-08 05:51:52 +0000",
      "minecraft:meadow": "2024-10-08 05:31:57 +0000",
      "minecraft:plains": "2024-10-08 05:17:28 +0000"
    },
    "done": false
  },
  "comforts:hammock_blue_from_white": {
    "criteria": {
      "has_the_recipe": "2024-10-08 05:17:28 +0000"
    },
    "done": true
  },
  "minecraft:adventure/sleep_in_bed": {
    "criteria": {
      "slept_in_bed": "2024-10-08 05:54:35 +0000"
    },
    "done": true
  },
  "comforts:sleeping_bag_gray_from_white": {
    "criteria": {
      "has_the_recipe": "2024-10-08 05:17:28 +0000"
    },
    "done": true
  },
  "comforts:sleeping_bag_orange": {
    "criteria": {
      "has_the_recipe": "2024-10-08 05:17:28 +0000"
    },
    "done": true
  },
  "minecraft:husbandry/root": {
    "criteria": {
      "consumed_item": "2024-10-08 05:35:17 +0000"
    },
    "done": true
  },
  "pokecube_mobs:kill/kill_tandemaus": {
    "criteria": {
      "kill_tandemaus": "2024-10-08 07:41:11 +0000"
    },
    "done": true
  },
  "comforts:sleeping_bag_cyan": {
    "criteria": {
      "has_the_recipe": "2024-10-08 05:17:28 +0000"
    },
    "done": true
  },
  "pokecube_mobs:kill/kill_spinda": {
    "criteria": {
      "kill_spinda": "2024-10-08 06:04:50 +0000"
    },
    "done": true
  },
  "pokecube_mobs:capture/root": {
    "criteria": {
      "get_first_pokemob": "2024-10-08 05:19:06 +0000"
    },
    "done": true
  },
  "comforts:hammock_purple_from_white": {
    "criteria": {
      "has_the_recipe": "2024-10-08 05:17:28 +0000"
    },
    "done": true
  },
  "vanillatweaks:name_colors": {
    "criteria": {
      "tick": "2024-10-08 05:17:28 +0000"
    },
    "done": true
  },
  "minecraft:adventure/root": {
    "criteria": {
      "killed_something": "2024-10-08 05:23:36 +0000"
    },
    "done": true
  },
  "pokecube_mobs:capture/catch_taillow": {
    "criteria": {
      "catch_taillow": "2024-10-08 05:26:37 +0000"
    },
    "done": true
  },
  "comforts:sleeping_bag_pink_from_white": {
    "criteria": {
      "has_the_recipe": "2024-10-08 05:17:28 +0000"
    },
    "done": true
  },
  "comforts:hammock_red": {
    "criteria": {
      "has_the_recipe": "2024-10-08 05:17:28 +0000"
    },
    "done": true
  },
  "pokecube_mobs:kill/kill_exeggcute": {
    "criteria": {
      "kill_exeggcute": "2024-10-08 07:40:33 +0000"
    },
    "done": true
  },
  "comforts:hammock_black_from_white": {
    "criteria": {
      "has_the_recipe": "2024-10-08 05:17:28 +0000"
    },
    "done": true
  },
  "comforts:sleeping_bag_yellow_from_white": {
    "criteria": {
      "has_the_recipe": "2024-10-08 05:17:28 +0000"
    },
    "done": true
  },
  "comforts:hammock_gray_from_white": {
    "criteria": {
      "has_the_recipe": "2024-10-08 05:17:28 +0000"
    },
    "done": true
  },
  "pokecube_mobs:capture/catch_snorunt": {
    "criteria": {
      "catch_snorunt": "2024-10-08 06:13:25 +0000"
    },
    "done": true
  },
  "minecraft:adventure/kill_all_mobs": {
    "criteria": {
      "minecraft:skeleton": "2024-10-08 06:37:26 +0000",
      "minecraft:spider": "2024-10-08 06:06:55 +0000",
      "minecraft:cave_spider": "2024-10-08 06:25:40 +0000",
      "minecraft:zombie": "2024-10-08 05:58:06 +0000"
    },
    "done": false
  },
  "comforts:hammock_green_from_white": {
    "criteria": {
      "has_the_recipe": "2024-10-08 05:17:28 +0000"
    },
    "done": true
  },
  "comforts:hammock_orange": {
    "criteria": {
      "has_the_recipe": "2024-10-08 05:17:28 +0000"
    },
    "done": true
  },
  "comforts:hammock_lime_from_white": {
    "criteria": {
      "has_the_recipe": "2024-10-08 05:17:28 +0000"
    },
    "done": true
  },
  "comforts:hammock_pink": {
    "criteria": {
      "has_the_recipe": "2024-10-08 05:17:28 +0000"
    },
    "done": true
  },
  "comforts:hammock_orange_from_white": {
    "criteria": {
      "has_the_recipe": "2024-10-08 05:17:28 +0000"
    },
    "done": true
  },
  "comforts:sleeping_bag_magenta": {
    "criteria": {
      "has_the_recipe": "2024-10-08 05:17:28 +0000"
    },
    "done": true
  },
  "pokecube_mobs:kill/kill_snorunt": {
    "criteria": {
      "kill_snorunt": "2024-10-08 06:13:15 +0000"
    },
    "done": true
  },
  "comforts:sleeping_bag_cyan_from_white": {
    "criteria": {
      "has_the_recipe": "2024-10-08 05:17:28 +0000"
    },
    "done": true
  },
  "comforts:sleeping_bag_light_gray_from_white": {
    "criteria": {
      "has_the_recipe": "2024-10-08 05:17:28 +0000"
    },
    "done": true
  },
  "minecraft:story/mine_diamond": {
    "criteria": {
      "diamond": "2024-10-08 06:19:50 +0000"
    },
    "done": true
  },
  "tombstone:adventure/first_knowledge": {
    "criteria": {
      "coded_trigger": "2024-10-08 06:44:22 +0000"
    },
    "done": true
  },
  "comforts:hammock_brown": {
    "criteria": {
      "has_the_recipe": "2024-10-08 05:17:28 +0000"
    },
    "done": true
  },
  "comforts:hammock_blue": {
    "criteria": {
      "has_the_recipe": "2024-10-08 05:17:28 +0000"
    },
    "done": true
  },
  "comforts:hammock_green": {
    "criteria": {
      "has_the_recipe": "2024-10-08 05:17:28 +0000"
    },
    "done": true
  },
  "minecraft:story/smelt_iron": {
    "criteria": {
      "iron": "2024-10-08 05:33:08 +0000"
    },
    "done": true
  },
  "comforts:hammock_gray": {
    "criteria": {
      "has_the_recipe": "2024-10-08 05:17:28 +0000"
    },
    "done": true
  },
  "minecraft:husbandry/tame_an_animal": {
    "criteria": {
      "tamed_animal": "2024-10-08 05:21:20 +0000"
    },
    "done": true
  },
  "tombstone:adventure/ambush": {
    "criteria": {
      "coded_trigger": "2024-10-08 07:29:49 +0000"
    },
    "done": true
  },
  "DataVersion": 2975
}