{
  "comforts:sleeping_bag_light_gray": {
    "criteria": {
      "has_the_recipe": "2024-10-08 05:17:28 +0000"
    },
    "done": true
  },
  "pokecube_mobs:capture/catch_squawkabilly-blue-plumage": {
    "criteria": {
      "catch_squawkabilly-blue-plumage": "2024-10-16 07:03:12 +0000"
    },
    "done": true
  },
  "pokecube_mobs:kill/kill_mankey": {
    "criteria": {
      "kill_mankey": "2024-10-09 06:20:25 +0000"
    },
    "done": true
  },
  "pokecube_mobs:kill/kill_scraggy": {
    "criteria": {
      "kill_scraggy": "2024-10-12 07:20:39 +0000"
    },
    "done": true
  },
  "pokecube_mobs:kill/kill_yungoos": {
    "criteria": {
      "kill_yungoos": "2024-10-08 07:51:25 +0000"
    },
    "done": true
  },
  "comforts:hammock_cyan_from_white": {
    "criteria": {
      "has_the_recipe": "2024-10-08 05:17:28 +0000"
    },
    "done": true
  },
  "comforts:hammock_black": {
    "criteria": {
      "has_the_recipe": "2024-10-08 05:17:28 +0000"
    },
    "done": true
  },
  "comforts:sleeping_bag_light_blue": {
    "criteria": {
      "has_the_recipe": "2024-10-08 05:17:28 +0000"
    },
    "done": true
  },
  "comforts:sleeping_bag_lime": {
    "criteria": {
      "has_the_recipe": "2024-10-08 05:17:28 +0000"
    },
    "done": true
  },
  "pokecube_mobs:kill/kill_plusle": {
    "criteria": {
      "kill_plusle": "2024-10-08 07:35:21 +0000"
    },
    "done": true
  },
  "pokecube_mobs:kill/kill_bidoof": {
    "criteria": {
      "kill_bidoof": "2024-10-09 05:21:18 +0000"
    },
    "done": true
  },
  "pokecube_mobs:kill/kill_nuzleaf": {
    "criteria": {
      "kill_nuzleaf": "2024-10-15 16:58:02 +0000"
    },
    "done": true
  },
  "comforts:sleeping_bag_lime_from_white": {
    "criteria": {
      "has_the_recipe": "2024-10-08 05:17:28 +0000"
    },
    "done": true
  },
  "pokecube_mobs:capture/catch_chewtle": {
    "criteria": {
      "catch_chewtle": "2024-10-15 07:57:55 +0000"
    },
    "done": true
  },
  "minecraft:adventure/hero_of_the_village": {
    "criteria": {
      "hero_of_the_village": "2024-10-15 07:55:50 +0000"
    },
    "done": true
  },
  "pokecube_mobs:kill/kill_varoom": {
    "criteria": {
      "kill_varoom": "2024-10-08 06:04:50 +0000"
    },
    "done": true
  },
  "pokecube_mobs:capture/catch_minun": {
    "criteria": {
      "catch_minun": "2024-10-09 06:19:31 +0000"
    },
    "done": true
  },
  "pokecube_mobs:kill/kill_zigzagoon": {
    "criteria": {
      "kill_zigzagoon": "2024-10-08 07:39:42 +0000"
    },
    "done": true
  },
  "pokecube_mobs:kill/kill_weedle": {
    "criteria": {
      "kill_weedle": "2024-10-12 07:51:58 +0000"
    },
    "done": true
  },
  "pokecube_mobs:kill/kill_tauros-paldea-combat-breed": {
    "criteria": {
      "kill_tauros-paldea-combat-breed": "2024-10-15 06:52:47 +0000"
    },
    "done": true
  },
  "comforts:sleeping_bag_black": {
    "criteria": {
      "has_the_recipe": "2024-10-08 05:17:28 +0000"
    },
    "done": true
  },
  "pokecube_mobs:kill/kill_sentret": {
    "criteria": {
      "kill_sentret": "2024-10-12 07:39:53 +0000"
    },
    "done": true
  },
  "comforts:hammock_red_from_white": {
    "criteria": {
      "has_the_recipe": "2024-10-08 05:17:28 +0000"
    },
    "done": true
  },
  "pokecube_mobs:kill/kill_magikarp": {
    "criteria": {
      "kill_magikarp": "2024-10-15 06:32:45 +0000"
    },
    "done": true
  },
  "pokecube_mobs:kill/kill_spheal": {
    "criteria": {
      "kill_spheal": "2024-10-16 06:29:21 +0000"
    },
    "done": true
  },
  "comforts:hammock_yellow": {
    "criteria": {
      "has_the_recipe": "2024-10-08 05:17:28 +0000"
    },
    "done": true
  },
  "pokecube_mobs:capture/catch_tinkatink": {
    "criteria": {
      "catch_tinkatink": "2024-10-08 06:33:55 +0000"
    },
    "done": true
  },
  "pokecube_mobs:kill/kill_zorua": {
    "criteria": {
      "kill_zorua": "2024-10-12 07:20:37 +0000"
    },
    "done": true
  },
  "pokecube_mobs:capture/catch_chinchou": {
    "criteria": {
      "catch_chinchou": "2024-10-15 07:58:58 +0000"
    },
    "done": true
  },
  "pokecube_mobs:kill/kill_minun": {
    "criteria": {
      "kill_minun": "2024-10-09 05:35:29 +0000"
    },
    "done": true
  },
  "pokecube_mobs:kill/kill_vullaby": {
    "criteria": {
      "kill_vullaby": "2024-10-09 05:53:36 +0000"
    },
    "done": true
  },
  "tombstone:adventure/cancel_ghostly_shape": {
    "criteria": {
      "coded_trigger": "2024-10-09 06:39:25 +0000"
    },
    "done": true
  },
  "comforts:hammock_pink_from_white": {
    "criteria": {
      "has_the_recipe": "2024-10-08 05:17:28 +0000"
    },
    "done": true
  },
  "pokecube_mobs:kill/kill_pawmi": {
    "criteria": {
      "kill_pawmi": "2024-10-12 07:39:04 +0000"
    },
    "done": true
  },
  "pokecube_mobs:capture/catch_togepi": {
    "criteria": {
      "catch_togepi": "2024-10-08 05:26:33 +0000"
    },
    "done": true
  },
  "pokecube_mobs:kill/kill_bouffalant": {
    "criteria": {
      "kill_bouffalant": "2024-10-08 05:51:22 +0000"
    },
    "done": true
  },
  "tombstone:adventure/bone_crusher": {
    "criteria": {
      "coded_trigger": "2024-10-16 06:24:56 +0000"
    },
    "done": true
  },
  "pokecube_mobs:kill/kill_mudkip": {
    "criteria": {
      "kill_mudkip": "2024-10-12 05:30:37 +0000"
    },
    "done": true
  },
  "tombstone:adventure/chain_death": {
    "criteria": {
      "coded_trigger": "2024-10-15 07:45:48 +0000"
    },
    "done": true
  },
  "tombstone:adventure/find_grave_dust": {
    "criteria": {
      "from_undead": "2024-10-08 06:11:38 +0000"
    },
    "done": true
  },
  "comforts:hammock_purple": {
    "criteria": {
      "has_the_recipe": "2024-10-08 05:17:28 +0000"
    },
    "done": true
  },
  "minecraft:husbandry/balanced_diet": {
    "criteria": {
      "cooked_porkchop": "2024-10-08 05:35:17 +0000",
      "cooked_beef": "2024-10-08 07:46:16 +0000",
      "baked_potato": "2024-10-08 07:25:29 +0000",
      "potato": "2024-10-08 07:23:39 +0000",
      "cooked_cod": "2024-10-12 04:57:58 +0000",
      "pumpkin_pie": "2024-10-12 07:17:48 +0000",
      "bread": "2024-10-08 05:57:56 +0000",
      "cookie": "2024-10-08 07:44:19 +0000",
      "cooked_rabbit": "2024-10-09 05:49:21 +0000",
      "cooked_chicken": "2024-10-08 05:59:00 +0000",
      "cooked_salmon": "2024-10-12 04:22:51 +0000"
    },
    "done": false
  },
  "tombstone:recipes/from_grave_key": {
    "criteria": {
      "has_ingredient": "2024-10-08 05:59:53 +0000"
    },
    "done": true
  },
  "pokecube_mobs:kill/kill_corphish": {
    "criteria": {
      "kill_corphish": "2024-10-16 06:09:02 +0000"
    },
    "done": true
  },
  "pokecube_mobs:kill/kill_torkoal": {
    "criteria": {
      "kill_torkoal": "2024-10-12 04:48:29 +0000"
    },
    "done": true
  },
  "pokecube_mobs:kill/kill_fletchling": {
    "criteria": {
      "kill_fletchling": "2024-10-12 05:09:13 +0000"
    },
    "done": true
  },
  "pokecube_mobs:kill/kill_growlithe": {
    "criteria": {
      "kill_growlithe": "2024-10-12 07:52:35 +0000"
    },
    "done": true
  },
  "pokecube_mobs:kill/kill_porygon": {
    "criteria": {
      "kill_porygon": "2024-10-15 06:55:19 +0000"
    },
    "done": true
  },
  "comforts:hammock_lime": {
    "criteria": {
      "has_the_recipe": "2024-10-08 05:17:28 +0000"
    },
    "done": true
  },
  "vanillatweaks:root": {
    "criteria": {
      "tick": "2024-10-08 05:17:28 +0000"
    },
    "done": true
  },
  "pokecube_mobs:kill/kill_vulpix-alola": {
    "criteria": {
      "kill_vulpix-alola": "2024-10-12 05:49:03 +0000"
    },
    "done": true
  },
  "pokecube_mobs:kill/kill_sunkern": {
    "criteria": {
      "kill_sunkern": "2024-10-12 05:09:16 +0000"
    },
    "done": true
  },
  "comforts:sleeping_bag_pink": {
    "criteria": {
      "has_the_recipe": "2024-10-08 05:17:28 +0000"
    },
    "done": true
  },
  "pokecube_mobs:capture/catch_swellow": {
    "criteria": {
      "catch_swellow": "2024-10-16 07:14:55 +0000"
    },
    "done": true
  },
  "comforts:sleeping_bag_light_blue_from_white": {
    "criteria": {
      "has_the_recipe": "2024-10-08 05:17:28 +0000"
    },
    "done": true
  },
  "pokecube_mobs:capture/catch_snivy": {
    "criteria": {
      "catch_snivy": "2024-10-08 05:19:07 +0000"
    },
    "done": true
  },
  "tombstone:adventure/first_grave": {
    "criteria": {
      "coded_trigger": "2024-10-08 05:59:51 +0000"
    },
    "done": true
  },
  "tombstone:adventure/fortuitous_militia": {
    "criteria": {
      "coded_trigger": "2024-10-15 07:07:03 +0000"
    },
    "done": true
  },
  "pokecube_mobs:capture/get_first_pokemob": {
    "criteria": {
      "get_first_pokemob": "2024-10-08 05:19:07 +0000"
    },
    "done": true
  },
  "pokecube_mobs:capture/catch_absol": {
    "criteria": {
      "catch_absol": "2024-10-12 04:06:15 +0000"
    },
    "done": true
  },
  "pokecube_mobs:capture/catch_fletchling": {
    "criteria": {
      "catch_fletchling": "2024-10-16 07:09:57 +0000"
    },
    "done": true
  },
  "pokecube_mobs:kill/kill_krabby": {
    "criteria": {
      "kill_krabby": "2024-10-08 05:26:55 +0000"
    },
    "done": true
  },
  "artifacts:chest_slayer": {
    "criteria": {
      "kill_mimic": "2024-10-08 06:26:39 +0000"
    },
    "done": true
  },
  "comforts:hammock_magenta": {
    "criteria": {
      "has_the_recipe": "2024-10-08 05:17:28 +0000"
    },
    "done": true
  },
  "pokecube_mobs:capture/catch_morpeko-hangry": {
    "criteria": {
      "catch_morpeko-hangry": "2024-10-09 06:19:56 +0000"
    },
    "done": true
  },
  "pokecube_mobs:kill/kill_foongus": {
    "criteria": {
      "kill_foongus": "2024-10-15 06:03:04 +0000"
    },
    "done": true
  },
  "comforts:sleeping_bag_red": {
    "criteria": {
      "has_the_recipe": "2024-10-08 05:17:28 +0000"
    },
    "done": true
  },
  "pokecube_mobs:kill/kill_roselia": {
    "criteria": {
      "kill_roselia": "2024-10-12 05:30:06 +0000"
    },
    "done": true
  },
  "pokecube_mobs:capture/catch_litleo": {
    "criteria": {
      "catch_litleo": "2024-10-15 06:58:47 +0000"
    },
    "done": true
  },
  "pokecube_mobs:kill/kill_doduo": {
    "criteria": {
      "kill_doduo": "2024-10-15 06:57:10 +0000"
    },
    "done": true
  },
  "pokecube_mobs:kill/kill_electrike": {
    "criteria": {
      "kill_electrike": "2024-10-15 06:17:35 +0000"
    },
    "done": true
  },
  "minecraft:story/obtain_armor": {
    "criteria": {
      "iron_leggings": "2024-10-08 07:22:32 +0000"
    },
    "done": true
  },
  "comforts:sleeping_bag_blue": {
    "criteria": {
      "has_the_recipe": "2024-10-08 05:17:28 +0000"
    },
    "done": true
  },
  "pokecube_mobs:kill/kill_geodude": {
    "criteria": {
      "kill_geodude": "2024-10-08 05:58:28 +0000"
    },
    "done": true
  },
  "pokecube_mobs:kill/kill_oricorio-pau": {
    "criteria": {
      "kill_oricorio-pau": "2024-10-16 06:45:20 +0000"
    },
    "done": true
  },
  "minecraft:story/mine_stone": {
    "criteria": {
      "get_stone": "2024-10-08 05:52:31 +0000"
    },
    "done": true
  },
  "pokecube_mobs:capture/catch_sunkern": {
    "criteria": {
      "catch_sunkern": "2024-10-12 06:38:01 +0000"
    },
    "done": true
  },
  "pokecube_mobs:kill/kill_swablu": {
    "criteria": {
      "kill_swablu": "2024-10-15 06:57:06 +0000"
    },
    "done": true
  },
  "tombstone:adventure/create_magic_scroll": {
    "criteria": {
      "has_magic_scroll": "2024-10-12 05:56:18 +0000"
    },
    "done": true
  },
  "tombstone:adventure/strong_or_careful": {
    "criteria": {
      "coded_trigger": "2024-10-09 05:01:28 +0000"
    },
    "done": true
  },
  "minecraft:adventure/sleep_in_bed": {
    "criteria": {
      "slept_in_bed": "2024-10-08 05:54:35 +0000"
    },
    "done": true
  },
  "pokecube_mobs:kill/kill_pidgey": {
    "criteria": {
      "kill_pidgey": "2024-10-12 04:47:17 +0000"
    },
    "done": true
  },
  "pokecube_mobs:kill/kill_corviknight": {
    "criteria": {
      "kill_corviknight": "2024-10-12 07:15:07 +0000"
    },
    "done": true
  },
  "pokecube_mobs:kill/kill_pidove": {
    "criteria": {
      "kill_pidove": "2024-10-12 07:52:26 +0000"
    },
    "done": true
  },
  "pokecube_mobs:capture/catch_yungoos": {
    "criteria": {
      "catch_yungoos": "2024-10-12 06:38:23 +0000"
    },
    "done": true
  },
  "minecraft:story/lava_bucket": {
    "criteria": {
      "lava_bucket": "2024-10-12 07:02:57 +0000"
    },
    "done": true
  },
  "comforts:sleeping_bag_orange": {
    "criteria": {
      "has_the_recipe": "2024-10-08 05:17:28 +0000"
    },
    "done": true
  },
  "minecraft:husbandry/root": {
    "criteria": {
      "consumed_item": "2024-10-08 05:35:17 +0000"
    },
    "done": true
  },
  "pokecube_mobs:kill/kill_grubbin": {
    "criteria": {
      "kill_grubbin": "2024-10-12 05:05:37 +0000"
    },
    "done": true
  },
  "pokecube_mobs:kill/kill_spinda": {
    "criteria": {
      "kill_spinda": "2024-10-08 06:04:50 +0000"
    },
    "done": true
  },
  "pokecube_mobs:kill/kill_stunky": {
    "criteria": {
      "kill_stunky": "2024-10-08 07:54:21 +0000"
    },
    "done": true
  },
  "pokecube_mobs:kill/kill_hoppip": {
    "criteria": {
      "kill_hoppip": "2024-10-16 06:59:52 +0000"
    },
    "done": true
  },
  "pokecube_mobs:kill/kill_toedscool": {
    "criteria": {
      "kill_toedscool": "2024-10-15 06:40:08 +0000"
    },
    "done": true
  },
  "pokecube_mobs:capture/catch_magikarp": {
    "criteria": {
      "catch_magikarp": "2024-10-16 06:11:42 +0000"
    },
    "done": true
  },
  "minecraft:adventure/root": {
    "criteria": {
      "killed_something": "2024-10-08 05:23:36 +0000"
    },
    "done": true
  },
  "pokecube_mobs:capture/catch_farfetchd-galar": {
    "criteria": {
      "catch_farfetchd-galar": "2024-10-15 16:45:49 +0000"
    },
    "done": true
  },
  "pokecube_mobs:capture/catch_taillow": {
    "criteria": {
      "catch_taillow": "2024-10-08 05:26:37 +0000"
    },
    "done": true
  },
  "pokecube_mobs:kill/kill_vulpix": {
    "criteria": {
      "kill_vulpix": "2024-10-12 05:35:00 +0000"
    },
    "done": true
  },
  "pokecube_mobs:kill/kill_litleo": {
    "criteria": {
      "kill_litleo": "2024-10-15 07:24:13 +0000"
    },
    "done": true
  },
  "comforts:hammock_red": {
    "criteria": {
      "has_the_recipe": "2024-10-08 05:17:28 +0000"
    },
    "done": true
  },
  "pokecube_mobs:capture/catch_emolga": {
    "criteria": {
      "catch_emolga": "2024-10-16 07:08:05 +0000"
    },
    "done": true
  },
  "comforts:hammock_black_from_white": {
    "criteria": {
      "has_the_recipe": "2024-10-08 05:17:28 +0000"
    },
    "done": true
  },
  "pokecube_mobs:kill/kill_hitmontop": {
    "criteria": {
      "kill_hitmontop": "2024-10-12 07:32:27 +0000"
    },
    "done": true
  },
  "comforts:hammock_gray_from_white": {
    "criteria": {
      "has_the_recipe": "2024-10-08 05:17:28 +0000"
    },
    "done": true
  },
  "pokecube_mobs:kill/kill_wooloo": {
    "criteria": {
      "kill_wooloo": "2024-10-12 07:38:17 +0000"
    },
    "done": true
  },
  "minecraft:adventure/kill_all_mobs": {
    "criteria": {
      "minecraft:pillager": "2024-10-09 06:16:43 +0000",
      "minecraft:skeleton": "2024-10-08 06:37:26 +0000",
      "minecraft:ravager": "2024-10-15 07:48:55 +0000",
      "minecraft:vindicator": "2024-10-15 07:45:31 +0000",
      "minecraft:spider": "2024-10-08 06:06:55 +0000",
      "minecraft:creeper": "2024-10-15 17:10:13 +0000",
      "minecraft:witch": "2024-10-15 07:51:00 +0000",
      "minecraft:cave_spider": "2024-10-08 06:25:40 +0000",
      "minecraft:vex": "2024-10-15 07:55:34 +0000",
      "minecraft:zombie": "2024-10-08 05:58:06 +0000",
      "minecraft:drowned": "2024-10-16 06:24:42 +0000"
    },
    "done": false
  },
  "pokecube_mobs:kill/kill_slowpoke-galar": {
    "criteria": {
      "kill_slowpoke-galar": "2024-10-15 16:51:26 +0000"
    },
    "done": true
  },
  "minecraft:adventure/trade": {
    "criteria": {
      "traded": "2024-10-09 05:55:47 +0000"
    },
    "done": true
  },
  "pokecube_mobs:kill/kill_butterfree": {
    "criteria": {
      "kill_butterfree": "2024-10-15 17:06:36 +0000"
    },
    "done": true
  },
  "comforts:hammock_lime_from_white": {
    "criteria": {
      "has_the_recipe": "2024-10-08 05:17:28 +0000"
    },
    "done": true
  },
  "pokecube_mobs:kill/kill_togepi": {
    "criteria": {
      "kill_togepi": "2024-10-16 06:39:51 +0000"
    },
    "done": true
  },
  "comforts:hammock_orange_from_white": {
    "criteria": {
      "has_the_recipe": "2024-10-08 05:17:28 +0000"
    },
    "done": true
  },
  "minecraft:adventure/voluntary_exile": {
    "criteria": {
      "voluntary_exile": "2024-10-09 06:16:43 +0000"
    },
    "done": true
  },
  "pokecube_mobs:capture/catch_vulpix": {
    "criteria": {
      "catch_vulpix": "2024-10-15 06:40:44 +0000"
    },
    "done": true
  },
  "comforts:sleeping_bag_light_gray_from_white": {
    "criteria": {
      "has_the_recipe": "2024-10-08 05:17:28 +0000"
    },
    "done": true
  },
  "pokecube_mobs:kill/kill_persian": {
    "criteria": {
      "kill_persian": "2024-10-15 07:38:57 +0000"
    },
    "done": true
  },
  "minecraft:story/mine_diamond": {
    "criteria": {
      "diamond": "2024-10-08 06:19:50 +0000"
    },
    "done": true
  },
  "tombstone:adventure/first_knowledge": {
    "criteria": {
      "coded_trigger": "2024-10-08 06:44:22 +0000"
    },
    "done": true
  },
  "comforts:hammock_blue": {
    "criteria": {
      "has_the_recipe": "2024-10-08 05:17:28 +0000"
    },
    "done": true
  },
  "pokecube_mobs:kill/kill_venipede": {
    "criteria": {
      "kill_venipede": "2024-10-12 05:24:49 +0000"
    },
    "done": true
  },
  "pokecube_mobs:kill/kill_wingull": {
    "criteria": {
      "kill_wingull": "2024-10-15 06:57:14 +0000"
    },
    "done": true
  },
  "comforts:hammock_gray": {
    "criteria": {
      "has_the_recipe": "2024-10-08 05:17:28 +0000"
    },
    "done": true
  },
  "pokecube_mobs:kill/kill_minccino": {
    "criteria": {
      "kill_minccino": "2024-10-12 05:33:57 +0000"
    },
    "done": true
  },
  "pokecube_mobs:kill/kill_magmar": {
    "criteria": {
      "kill_magmar": "2024-10-12 05:34:44 +0000"
    },
    "done": true
  },
  "pokecube_mobs:capture/catch_carvanha": {
    "criteria": {
      "catch_carvanha": "2024-10-15 07:59:29 +0000"
    },
    "done": true
  },
  "pokecube_adventures:trainers/defeat_leader": {
    "criteria": {
      "beat_leader": "2024-10-12 05:30:17 +0000"
    },
    "done": true
  },
  "pokecube_mobs:kill/kill_nymble": {
    "criteria": {
      "kill_nymble": "2024-10-12 07:50:58 +0000"
    },
    "done": true
  },
  "minecraft:husbandry/tame_an_animal": {
    "criteria": {
      "tamed_animal": "2024-10-08 05:21:20 +0000"
    },
    "done": true
  },
  "pokecube_mobs:kill/kill_mudbray": {
    "criteria": {
      "kill_mudbray": "2024-10-09 05:47:10 +0000"
    },
    "done": true
  },
  "comforts:hammock_white": {
    "criteria": {
      "has_the_recipe": "2024-10-08 05:17:28 +0000"
    },
    "done": true
  },
  "comforts:sleeping_bag_green_from_white": {
    "criteria": {
      "has_the_recipe": "2024-10-08 05:17:28 +0000"
    },
    "done": true
  },
  "pokecube_mobs:capture/catch_scyther": {
    "criteria": {
      "catch_scyther": "2024-10-09 05:18:06 +0000"
    },
    "done": true
  },
  "pokecube_mobs:kill/kill_meowth": {
    "criteria": {
      "kill_meowth": "2024-10-15 07:11:00 +0000"
    },
    "done": true
  },
  "tombstone:adventure/ashes_and_bones": {
    "criteria": {
      "coded_trigger": "2024-10-08 06:44:22 +0000"
    },
    "done": true
  },
  "comforts:sleeping_bag_black_from_white": {
    "criteria": {
      "has_the_recipe": "2024-10-08 05:17:28 +0000"
    },
    "done": true
  },
  "pyrologernfriends:pyrologer_and_friends": {
    "criteria": {
      "pyrologer_and_friends": "2024-10-08 05:17:27 +0000"
    },
    "done": true
  },
  "pokecube_mobs:kill/kill_shellder": {
    "criteria": {
      "kill_shellder": "2024-10-15 16:53:11 +0000"
    },
    "done": true
  },
  "pokecube_mobs:kill/kill_zigzagoon-galar": {
    "criteria": {
      "kill_zigzagoon-galar": "2024-10-09 06:20:23 +0000"
    },
    "done": true
  },
  "pokecube_mobs:capture/catch_growlithe": {
    "criteria": {
      "catch_growlithe": "2024-10-12 07:53:56 +0000"
    },
    "done": true
  },
  "comforts:hammock_light_blue_from_white": {
    "criteria": {
      "has_the_recipe": "2024-10-08 05:17:28 +0000"
    },
    "done": true
  },
  "pokecube_mobs:capture/catch_poochyena": {
    "criteria": {
      "catch_poochyena": "2024-10-09 05:43:02 +0000"
    },
    "done": true
  },
  "pokecube_mobs:kill/kill_wiglett": {
    "criteria": {
      "kill_wiglett": "2024-10-16 06:08:13 +0000"
    },
    "done": true
  },
  "pokecube_mobs:kill/kill_venomoth": {
    "criteria": {
      "kill_venomoth": "2024-10-15 07:39:15 +0000"
    },
    "done": true
  },
  "pokecube_mobs:kill/kill_graveler": {
    "criteria": {
      "kill_graveler": "2024-10-15 07:38:13 +0000"
    },
    "done": true
  },
  "pokecube_mobs:capture/catch_snover": {
    "criteria": {
      "catch_snover": "2024-10-12 06:03:32 +0000"
    },
    "done": true
  },
  "pokecube_mobs:kill/root": {
    "criteria": {
      "get_first_pokemob": "2024-10-08 05:19:07 +0000"
    },
    "done": true
  },
  "pokecube_mobs:capture/catch_geodude": {
    "criteria": {
      "catch_geodude": "2024-10-12 06:06:21 +0000"
    },
    "done": true
  },
  "pokecube_mobs:kill/kill_gossifleur": {
    "criteria": {
      "kill_gossifleur": "2024-10-09 06:13:26 +0000"
    },
    "done": true
  },
  "vanillatweaks:tpa": {
    "criteria": {
      "tick": "2024-10-08 05:17:28 +0000"
    },
    "done": true
  },
  "comforts:hammock_cyan": {
    "criteria": {
      "has_the_recipe": "2024-10-08 05:17:28 +0000"
    },
    "done": true
  },
  "comforts:sleeping_bag_purple": {
    "criteria": {
      "has_the_recipe": "2024-10-08 05:17:28 +0000"
    },
    "done": true
  },
  "pokecube_mobs:capture/catch_gyarados": {
    "criteria": {
      "catch_gyarados": "2024-10-16 06:20:14 +0000"
    },
    "done": true
  },
  "minecraft:story/deflect_arrow": {
    "criteria": {
      "deflected_projectile": "2024-10-08 06:37:15 +0000"
    },
    "done": true
  },
  "pokecube_mobs:capture/catch_roggenrola": {
    "criteria": {
      "catch_roggenrola": "2024-10-12 06:37:31 +0000"
    },
    "done": true
  },
  "pokecube_mobs:kill/kill_tentacool": {
    "criteria": {
      "kill_tentacool": "2024-10-08 05:23:36 +0000"
    },
    "done": true
  },
  "pokecube_mobs:kill/kill_jigglypuff": {
    "criteria": {
      "kill_jigglypuff": "2024-10-09 06:36:14 +0000"
    },
    "done": true
  },
  "pokecube_mobs:kill/kill_marill": {
    "criteria": {
      "kill_marill": "2024-10-12 07:20:35 +0000"
    },
    "done": true
  },
  "pokecube_mobs:kill/kill_gyarados": {
    "criteria": {
      "kill_gyarados": "2024-10-16 06:20:34 +0000"
    },
    "done": true
  },
  "comforts:sleeping_bag_purple_from_white": {
    "criteria": {
      "has_the_recipe": "2024-10-08 05:17:28 +0000"
    },
    "done": true
  },
  "tombstone:adventure/root": {
    "criteria": {
      "auto": "2024-10-08 05:17:28 +0000"
    },
    "done": true
  },
  "pokecube_mobs:kill/kill_bibarel": {
    "criteria": {
      "kill_bibarel": "2024-10-16 06:38:05 +0000"
    },
    "done": true
  },
  "comforts:sleeping_bag_yellow": {
    "criteria": {
      "has_the_recipe": "2024-10-08 05:17:28 +0000"
    },
    "done": true
  },
  "comforts:hammock_light_gray": {
    "criteria": {
      "has_the_recipe": "2024-10-08 05:17:28 +0000"
    },
    "done": true
  },
  "pokecube_adventures:trainers/root": {
    "criteria": {
      "beat_trainer": "2024-10-12 05:35:10 +0000"
    },
    "done": true
  },
  "pokecube_mobs:kill/kill_rattata": {
    "criteria": {
      "kill_rattata": "2024-10-09 05:35:15 +0000"
    },
    "done": true
  },
  "pokecube_mobs:kill/kill_buizel": {
    "criteria": {
      "kill_buizel": "2024-10-15 07:36:12 +0000"
    },
    "done": true
  },
  "comforts:sleeping_bag_orange_from_white": {
    "criteria": {
      "has_the_recipe": "2024-10-08 05:17:28 +0000"
    },
    "done": true
  },
  "comforts:hammock_yellow_from_white": {
    "criteria": {
      "has_the_recipe": "2024-10-08 05:17:28 +0000"
    },
    "done": true
  },
  "pokecube_mobs:kill/kill_taillow": {
    "criteria": {
      "kill_taillow": "2024-10-15 06:51:58 +0000"
    },
    "done": true
  },
  "pokecube_mobs:kill/kill_patrat": {
    "criteria": {
      "kill_patrat": "2024-10-12 07:38:08 +0000"
    },
    "done": true
  },
  "pokecube_mobs:kill/kill_corsola-galar": {
    "criteria": {
      "kill_corsola-galar": "2024-10-15 07:33:44 +0000"
    },
    "done": true
  },
  "comforts:sleeping_bag_blue_from_white": {
    "criteria": {
      "has_the_recipe": "2024-10-08 05:17:28 +0000"
    },
    "done": true
  },
  "pokecube_mobs:kill/kill_goldeen": {
    "criteria": {
      "kill_goldeen": "2024-10-08 05:53:09 +0000"
    },
    "done": true
  },
  "pokecube_mobs:kill/kill_pikipek": {
    "criteria": {
      "kill_pikipek": "2024-10-15 06:58:13 +0000"
    },
    "done": true
  },
  "comforts:sleeping_bag_green": {
    "criteria": {
      "has_the_recipe": "2024-10-08 05:17:28 +0000"
    },
    "done": true
  },
  "pokecube_mobs:capture/catch_chingling": {
    "criteria": {
      "catch_chingling": "2024-10-17 03:12:58 +0000"
    },
    "done": true
  },
  "comforts:sleeping_bag_brown_from_white": {
    "criteria": {
      "has_the_recipe": "2024-10-08 05:17:28 +0000"
    },
    "done": true
  },
  "minecraft:story/iron_tools": {
    "criteria": {
      "iron_pickaxe": "2024-10-08 05:29:36 +0000"
    },
    "done": true
  },
  "pokecube_mobs:kill/kill_wurmple": {
    "criteria": {
      "kill_wurmple": "2024-10-15 06:33:49 +0000"
    },
    "done": true
  },
  "comforts:sleeping_bag_white": {
    "criteria": {
      "has_the_recipe": "2024-10-08 05:17:28 +0000"
    },
    "done": true
  },
  "pokecube_mobs:kill/kill_slowpoke": {
    "criteria": {
      "kill_slowpoke": "2024-10-15 16:58:27 +0000"
    },
    "done": true
  },
  "comforts:hammock_light_gray_from_white": {
    "criteria": {
      "has_the_recipe": "2024-10-08 05:17:28 +0000"
    },
    "done": true
  },
  "comforts:sleeping_bag_brown": {
    "criteria": {
      "has_the_recipe": "2024-10-08 05:17:28 +0000"
    },
    "done": true
  },
  "comforts:sleeping_bag_gray": {
    "criteria": {
      "has_the_recipe": "2024-10-08 05:17:28 +0000"
    },
    "done": true
  },
  "pokecube_mobs:kill/kill_mareep": {
    "criteria": {
      "kill_mareep": "2024-10-08 07:52:29 +0000"
    },
    "done": true
  },
  "pokecube_mobs:kill/kill_koffing": {
    "criteria": {
      "kill_koffing": "2024-10-12 05:34:50 +0000"
    },
    "done": true
  },
  "minecraft:story/root": {
    "criteria": {
      "crafting_table": "2024-10-08 05:36:26 +0000"
    },
    "done": true
  },
  "pokecube_legends:root": {
    "criteria": {
      "get_first_pokemob": "2024-10-08 05:19:07 +0000"
    },
    "done": true
  },
  "pokecube_mobs:kill/kill_spearow": {
    "criteria": {
      "kill_spearow": "2024-10-09 05:57:43 +0000"
    },
    "done": true
  },
  "pokecube_mobs:capture/catch_tentacool": {
    "criteria": {
      "catch_tentacool": "2024-10-16 06:29:21 +0000"
    },
    "done": true
  },
  "pokecube_mobs:kill/kill_stonjourner": {
    "criteria": {
      "kill_stonjourner": "2024-10-16 07:20:41 +0000"
    },
    "done": true
  },
  "artifacts:amateur_archaeologist": {
    "criteria": {
      "find_artifact": "2024-10-08 06:21:07 +0000"
    },
    "done": true
  },
  "pokecube_mobs:capture/catch_torkoal": {
    "criteria": {
      "catch_torkoal": "2024-10-12 06:18:57 +0000"
    },
    "done": true
  },
  "comforts:hammock_light_blue": {
    "criteria": {
      "has_the_recipe": "2024-10-08 05:17:28 +0000"
    },
    "done": true
  },
  "minecraft:story/form_obsidian": {
    "criteria": {
      "obsidian": "2024-10-16 06:20:41 +0000"
    },
    "done": true
  },
  "comforts:rope_and_nail": {
    "criteria": {
      "has_the_recipe": "2024-10-08 05:17:28 +0000"
    },
    "done": true
  },
  "pokecube_mobs:kill/kill_squawkabilly-blue-plumage": {
    "criteria": {
      "kill_squawkabilly-blue-plumage": "2024-10-16 07:03:48 +0000"
    },
    "done": true
  },
  "pokecube_mobs:kill/kill_starly": {
    "criteria": {
      "kill_starly": "2024-10-09 06:09:27 +0000"
    },
    "done": true
  },
  "pokecube_mobs:capture/catch_spheal": {
    "criteria": {
      "catch_spheal": "2024-10-16 06:29:48 +0000"
    },
    "done": true
  },
  "pokecube_mobs:kill/kill_trumbeak": {
    "criteria": {
      "kill_trumbeak": "2024-10-15 16:56:43 +0000"
    },
    "done": true
  },
  "pokecube_mobs:hatch/root": {
    "criteria": {
      "get_first_pokemob": "2024-10-08 05:19:06 +0000"
    },
    "done": true
  },
  "pokecube_mobs:capture/catch_flaaffy": {
    "criteria": {
      "catch_flaaffy": "2024-10-08 05:27:02 +0000"
    },
    "done": true
  },
  "pokecube_mobs:kill/kill_wattrel": {
    "criteria": {
      "kill_wattrel": "2024-10-15 07:35:43 +0000"
    },
    "done": true
  },
  "comforts:sleeping_bag_red_from_white": {
    "criteria": {
      "has_the_recipe": "2024-10-08 05:17:28 +0000"
    },
    "done": true
  },
  "minecraft:adventure/kill_a_mob": {
    "criteria": {
      "minecraft:zombie": "2024-10-08 05:58:06 +0000"
    },
    "done": true
  },
  "pokecube_mobs:capture/catch_swinub": {
    "criteria": {
      "catch_swinub": "2024-10-12 06:19:57 +0000"
    },
    "done": true
  },
  "pokecube_mobs:kill/kill_quaxly": {
    "criteria": {
      "kill_quaxly": "2024-10-15 07:35:43 +0000"
    },
    "done": true
  },
  "comforts:sleeping_bag_magenta_from_white": {
    "criteria": {
      "has_the_recipe": "2024-10-08 05:17:28 +0000"
    },
    "done": true
  },
  "comforts:hammock_magenta_from_white": {
    "criteria": {
      "has_the_recipe": "2024-10-08 05:17:28 +0000"
    },
    "done": true
  },
  "comforts:hammock_brown_from_white": {
    "criteria": {
      "has_the_recipe": "2024-10-08 05:17:28 +0000"
    },
    "done": true
  },
  "tombstone:recipes/from_grave_dust": {
    "criteria": {
      "has_ingredient": "2024-10-08 06:11:39 +0000"
    },
    "done": true
  },
  "pokecube_mobs:kill/kill_cubone": {
    "criteria": {
      "kill_cubone": "2024-10-12 04:50:51 +0000"
    },
    "done": true
  },
  "minecraft:nether/obtain_blaze_rod": {
    "criteria": {
      "blaze_rod": "2024-10-12 05:37:07 +0000"
    },
    "done": true
  },
  "pokecube_mobs:kill/kill_poliwag": {
    "criteria": {
      "kill_poliwag": "2024-10-15 06:31:03 +0000"
    },
    "done": true
  },
  "pokecube_mobs:kill/kill_eldegoss": {
    "criteria": {
      "kill_eldegoss": "2024-10-16 06:42:37 +0000"
    },
    "done": true
  },
  "pokecube_mobs:kill/kill_pachirisu": {
    "criteria": {
      "kill_pachirisu": "2024-10-09 05:41:28 +0000"
    },
    "done": true
  },
  "pokecube_mobs:kill/kill_oddish": {
    "criteria": {
      "kill_oddish": "2024-10-15 04:48:18 +0000"
    },
    "done": true
  },
  "pokecube_mobs:kill/kill_roggenrola": {
    "criteria": {
      "kill_roggenrola": "2024-10-08 05:52:31 +0000"
    },
    "done": true
  },
  "minecraft:adventure/adventuring_time": {
    "criteria": {
      "minecraft:snowy_slopes": "2024-10-08 06:04:40 +0000",
      "minecraft:sunflower_plains": "2024-10-15 07:04:24 +0000",
      "minecraft:birch_forest": "2024-10-09 05:41:57 +0000",
      "minecraft:windswept_hills": "2024-10-16 06:32:24 +0000",
      "minecraft:beach": "2024-10-15 07:34:54 +0000",
      "minecraft:river": "2024-10-08 05:51:42 +0000",
      "minecraft:dripstone_caves": "2024-10-08 05:51:52 +0000",
      "minecraft:swamp": "2024-10-16 06:28:38 +0000",
      "minecraft:grove": "2024-10-16 07:05:15 +0000",
      "minecraft:forest": "2024-10-09 05:03:27 +0000",
      "minecraft:ocean": "2024-10-15 07:58:32 +0000",
      "minecraft:windswept_savanna": "2024-10-16 06:06:07 +0000",
      "minecraft:frozen_peaks": "2024-10-16 07:05:32 +0000",
      "minecraft:old_growth_birch_forest": "2024-10-09 05:41:26 +0000",
      "minecraft:meadow": "2024-10-08 05:31:57 +0000",
      "minecraft:plains": "2024-10-08 05:17:28 +0000"
    },
    "done": false
  },
  "comforts:hammock_blue_from_white": {
    "criteria": {
      "has_the_recipe": "2024-10-08 05:17:28 +0000"
    },
    "done": true
  },
  "comforts:sleeping_bag_gray_from_white": {
    "criteria": {
      "has_the_recipe": "2024-10-08 05:17:28 +0000"
    },
    "done": true
  },
  "pokecube_mobs:kill/kill_tandemaus": {
    "criteria": {
      "kill_tandemaus": "2024-10-08 07:41:11 +0000"
    },
    "done": true
  },
  "pokecube_mobs:kill/kill_poochyena": {
    "criteria": {
      "kill_poochyena": "2024-10-09 05:45:09 +0000"
    },
    "done": true
  },
  "comforts:sleeping_bag_cyan": {
    "criteria": {
      "has_the_recipe": "2024-10-08 05:17:28 +0000"
    },
    "done": true
  },
  "pokecube_mobs:capture/root": {
    "criteria": {
      "get_first_pokemob": "2024-10-08 05:19:06 +0000"
    },
    "done": true
  },
  "pokecube_mobs:kill/kill_barboach": {
    "criteria": {
      "kill_barboach": "2024-10-15 06:33:29 +0000"
    },
    "done": true
  },
  "pokecube_mobs:kill/kill_mienshao": {
    "criteria": {
      "kill_mienshao": "2024-10-12 07:27:57 +0000"
    },
    "done": true
  },
  "comforts:hammock_purple_from_white": {
    "criteria": {
      "has_the_recipe": "2024-10-08 05:17:28 +0000"
    },
    "done": true
  },
  "vanillatweaks:name_colors": {
    "criteria": {
      "tick": "2024-10-08 05:17:28 +0000"
    },
    "done": true
  },
  "comforts:sleeping_bag_pink_from_white": {
    "criteria": {
      "has_the_recipe": "2024-10-08 05:17:28 +0000"
    },
    "done": true
  },
  "pokecube_mobs:kill/kill_chewtle": {
    "criteria": {
      "kill_chewtle": "2024-10-15 17:12:59 +0000"
    },
    "done": true
  },
  "pokecube_mobs:capture/catch_gothita": {
    "criteria": {
      "catch_gothita": "2024-10-09 06:17:36 +0000"
    },
    "done": true
  },
  "pokecube_mobs:kill/kill_exeggcute": {
    "criteria": {
      "kill_exeggcute": "2024-10-08 07:40:33 +0000"
    },
    "done": true
  },
  "pokecube_mobs:capture/catch_servine": {
    "criteria": {
      "catch_servine": "2024-10-09 06:37:26 +0000"
    },
    "done": true
  },
  "pokecube_mobs:kill/kill_glameow": {
    "criteria": {
      "kill_glameow": "2024-10-12 04:02:35 +0000"
    },
    "done": true
  },
  "comforts:sleeping_bag_yellow_from_white": {
    "criteria": {
      "has_the_recipe": "2024-10-08 05:17:28 +0000"
    },
    "done": true
  },
  "pokecube_mobs:kill/kill_rockruff": {
    "criteria": {
      "kill_rockruff": "2024-10-12 05:23:06 +0000"
    },
    "done": true
  },
  "pokecube_mobs:kill/kill_skrelp": {
    "criteria": {
      "kill_skrelp": "2024-10-15 07:00:26 +0000"
    },
    "done": true
  },
  "pokecube_mobs:capture/catch_snorunt": {
    "criteria": {
      "catch_snorunt": "2024-10-08 06:13:25 +0000"
    },
    "done": true
  },
  "pokecube_mobs:kill/kill_nidoran-f": {
    "criteria": {
      "kill_nidoran-f": "2024-10-15 07:24:48 +0000"
    },
    "done": true
  },
  "pokecube_mobs:kill/kill_skitty": {
    "criteria": {
      "kill_skitty": "2024-10-09 05:39:10 +0000"
    },
    "done": true
  },
  "pokecube_mobs:kill/kill_zubat": {
    "criteria": {
      "kill_zubat": "2024-10-09 06:29:29 +0000"
    },
    "done": true
  },
  "pokecube_adventures:trainers/defeat_trainer": {
    "criteria": {
      "beat_trainer": "2024-10-12 05:35:10 +0000"
    },
    "done": true
  },
  "pokecube_mobs:kill/kill_binacle": {
    "criteria": {
      "kill_binacle": "2024-10-15 16:56:15 +0000"
    },
    "done": true
  },
  "tombstone:adventure/choose_knowledge": {
    "criteria": {
      "coded_trigger": "2024-10-12 06:29:43 +0000"
    },
    "done": true
  },
  "pokecube_mobs:kill/kill_gothita": {
    "criteria": {
      "kill_gothita": "2024-10-09 06:17:47 +0000"
    },
    "done": true
  },
  "pokecube_mobs:hatch/hatch_spoink": {
    "criteria": {
      "hatch_spoink": "2024-10-15 05:44:54 +0000"
    },
    "done": true
  },
  "comforts:hammock_green_from_white": {
    "criteria": {
      "has_the_recipe": "2024-10-08 05:17:28 +0000"
    },
    "done": true
  },
  "comforts:hammock_orange": {
    "criteria": {
      "has_the_recipe": "2024-10-08 05:17:28 +0000"
    },
    "done": true
  },
  "comforts:hammock_pink": {
    "criteria": {
      "has_the_recipe": "2024-10-08 05:17:28 +0000"
    },
    "done": true
  },
  "comforts:sleeping_bag_magenta": {
    "criteria": {
      "has_the_recipe": "2024-10-08 05:17:28 +0000"
    },
    "done": true
  },
  "pokecube_mobs:kill/kill_psyduck": {
    "criteria": {
      "kill_psyduck": "2024-10-12 07:20:32 +0000"
    },
    "done": true
  },
  "pokecube_mobs:kill/kill_illumise": {
    "criteria": {
      "kill_illumise": "2024-10-15 06:34:25 +0000"
    },
    "done": true
  },
  "pokecube_mobs:kill/kill_snorunt": {
    "criteria": {
      "kill_snorunt": "2024-10-08 06:13:15 +0000"
    },
    "done": true
  },
  "comforts:sleeping_bag_cyan_from_white": {
    "criteria": {
      "has_the_recipe": "2024-10-08 05:17:28 +0000"
    },
    "done": true
  },
  "pokecube_mobs:kill/kill_cutiefly": {
    "criteria": {
      "kill_cutiefly": "2024-10-09 06:00:23 +0000"
    },
    "done": true
  },
  "pokecube_mobs:kill/kill_ralts": {
    "criteria": {
      "kill_ralts": "2024-10-12 06:21:58 +0000"
    },
    "done": true
  },
  "comforts:hammock_brown": {
    "criteria": {
      "has_the_recipe": "2024-10-08 05:17:28 +0000"
    },
    "done": true
  },
  "pokecube_mobs:kill/kill_linoone": {
    "criteria": {
      "kill_linoone": "2024-10-16 06:34:50 +0000"
    },
    "done": true
  },
  "pokecube_mobs:kill/kill_blipbug": {
    "criteria": {
      "kill_blipbug": "2024-10-09 05:46:09 +0000"
    },
    "done": true
  },
  "pokecube_adventures:trainers/get_poison_badge": {
    "criteria": {
      "get_badge": "2024-10-12 05:30:17 +0000"
    },
    "done": true
  },
  "comforts:hammock_green": {
    "criteria": {
      "has_the_recipe": "2024-10-08 05:17:28 +0000"
    },
    "done": true
  },
  "minecraft:story/smelt_iron": {
    "criteria": {
      "iron": "2024-10-08 05:33:08 +0000"
    },
    "done": true
  },
  "tombstone:adventure/ambush": {
    "criteria": {
      "coded_trigger": "2024-10-08 07:29:49 +0000"
    },
    "done": true
  },
  "DataVersion": 2975
}